timestamp, index, name, utilization.gpu [%], utilization.memory [%], memory.total [MiB], memory.used [MiB], memory.free [MiB], power.draw [W], temperature.gpu
2026/06/18 12:12:01.897, 0, Tesla V100-SXM2-32GB, 0 %, 0 %, 32768 MiB, 0 MiB, 32495 MiB, 41.65 W, 32
2026/06/18 12:12:02.900, 0, Tesla V100-SXM2-32GB, 0 %, 0 %, 32768 MiB, 0 MiB, 32495 MiB, 41.28 W, 32
2026/06/18 12:12:03.902, 0, Tesla V100-SXM2-32GB, 0 %, 0 %, 32768 MiB, 0 MiB, 32495 MiB, 41.57 W, 32
2026/06/18 12:12:04.905, 0, Tesla V100-SXM2-32GB, 0 %, 0 %, 32768 MiB, 0 MiB, 32495 MiB, 41.76 W, 32
2026/06/18 12:12:05.908, 0, Tesla V100-SXM2-32GB, 0 %, 0 %, 32768 MiB, 0 MiB, 32495 MiB, 41.30 W, 32
2026/06/18 12:12:06.910, 0, Tesla V100-SXM2-32GB, 1 %, 0 %, 32768 MiB, 30 MiB, 32465 MiB, 55.80 W, 32
2026/06/18 12:12:07.914, 0, Tesla V100-SXM2-32GB, 0 %, 0 %, 32768 MiB, 458 MiB, 32037 MiB, 56.73 W, 33
2026/06/18 12:12:08.917, 0, Tesla V100-SXM2-32GB, 83 %, 62 %, 32768 MiB, 2156 MiB, 30339 MiB, 221.36 W, 36
2026/06/18 12:12:09.923, 0, Tesla V100-SXM2-32GB, 93 %, 70 %, 32768 MiB, 2156 MiB, 30339 MiB, 256.41 W, 39
2026/06/18 12:12:10.926, 0, Tesla V100-SXM2-32GB, 93 %, 70 %, 32768 MiB, 2156 MiB, 30339 MiB, 251.45 W, 40
2026/06/18 12:12:11.929, 0, Tesla V100-SXM2-32GB, 93 %, 69 %, 32768 MiB, 2156 MiB, 30339 MiB, 267.60 W, 41
2026/06/18 12:12:12.931, 0, Tesla V100-SXM2-32GB, 92 %, 68 %, 32768 MiB, 2156 MiB, 30339 MiB, 272.21 W, 42
2026/06/18 12:12:13.934, 0, Tesla V100-SXM2-32GB, 94 %, 69 %, 32768 MiB, 2156 MiB, 30339 MiB, 276.71 W, 43
2026/06/18 12:12:14.936, 0, Tesla V100-SXM2-32GB, 93 %, 68 %, 32768 MiB, 2156 MiB, 30339 MiB, 278.81 W, 43
2026/06/18 12:12:15.938, 0, Tesla V100-SXM2-32GB, 94 %, 69 %, 32768 MiB, 2156 MiB, 30339 MiB, 277.01 W, 44
2026/06/18 12:12:16.940, 0, Tesla V100-SXM2-32GB, 93 %, 68 %, 32768 MiB, 2156 MiB, 30339 MiB, 273.83 W, 44
2026/06/18 12:12:17.941, 0, Tesla V100-SXM2-32GB, 93 %, 68 %, 32768 MiB, 2156 MiB, 30339 MiB, 272.81 W, 45
2026/06/18 12:12:18.943, 0, Tesla V100-SXM2-32GB, 94 %, 69 %, 32768 MiB, 2156 MiB, 30339 MiB, 277.96 W, 45
2026/06/18 12:12:19.944, 0, Tesla V100-SXM2-32GB, 94 %, 68 %, 32768 MiB, 2156 MiB, 30339 MiB, 269.52 W, 45
2026/06/18 12:12:20.946, 0, Tesla V100-SXM2-32GB, 93 %, 68 %, 32768 MiB, 2156 MiB, 30339 MiB, 259.28 W, 46
2026/06/18 12:12:21.948, 0, Tesla V100-SXM2-32GB, 94 %, 69 %, 32768 MiB, 2156 MiB, 30339 MiB, 257.84 W, 46
2026/06/18 12:12:22.949, 0, Tesla V100-SXM2-32GB, 94 %, 70 %, 32768 MiB, 2156 MiB, 30339 MiB, 248.26 W, 47
2026/06/18 12:12:23.951, 0, Tesla V100-SXM2-32GB, 95 %, 71 %, 32768 MiB, 2156 MiB, 30339 MiB, 257.57 W, 47
2026/06/18 12:12:24.952, 0, Tesla V100-SXM2-32GB, 75 %, 55 %, 32768 MiB, 2156 MiB, 30339 MiB, 258.67 W, 47
2026/06/18 12:12:25.954, 0, Tesla V100-SXM2-32GB, 94 %, 70 %, 32768 MiB, 2156 MiB, 30339 MiB, 252.26 W, 47
2026/06/18 12:12:26.956, 0, Tesla V100-SXM2-32GB, 94 %, 70 %, 32768 MiB, 2156 MiB, 30339 MiB, 250.66 W, 48
2026/06/18 12:12:27.957, 0, Tesla V100-SXM2-32GB, 95 %, 71 %, 32768 MiB, 2156 MiB, 30339 MiB, 246.99 W, 48
2026/06/18 12:12:28.959, 0, Tesla V100-SXM2-32GB, 93 %, 70 %, 32768 MiB, 2156 MiB, 30339 MiB, 237.72 W, 48
2026/06/18 12:12:29.960, 0, Tesla V100-SXM2-32GB, 93 %, 70 %, 32768 MiB, 2156 MiB, 30339 MiB, 208.58 W, 48
2026/06/18 12:12:30.962, 0, Tesla V100-SXM2-32GB, 71 %, 52 %, 32768 MiB, 2156 MiB, 30339 MiB, 280.44 W, 48
2026/06/18 12:12:31.963, 0, Tesla V100-SXM2-32GB, 94 %, 70 %, 32768 MiB, 2156 MiB, 30339 MiB, 276.71 W, 48
2026/06/18 12:12:32.965, 0, Tesla V100-SXM2-32GB, 95 %, 71 %, 32768 MiB, 2156 MiB, 30339 MiB, 279.29 W, 48
2026/06/18 12:12:33.966, 0, Tesla V100-SXM2-32GB, 95 %, 71 %, 32768 MiB, 2156 MiB, 30339 MiB, 278.92 W, 49
2026/06/18 12:12:34.968, 0, Tesla V100-SXM2-32GB, 74 %, 50 %, 32768 MiB, 2156 MiB, 30339 MiB, 261.85 W, 47
2026/06/18 12:12:35.969, 0, Tesla V100-SXM2-32GB, 5 %, 0 %, 32768 MiB, 2158 MiB, 30337 MiB, 70.62 W, 42
2026/06/18 12:12:36.970, 0, Tesla V100-SXM2-32GB, 94 %, 68 %, 32768 MiB, 2158 MiB, 30337 MiB, 246.68 W, 47
2026/06/18 12:12:37.972, 0, Tesla V100-SXM2-32GB, 94 %, 68 %, 32768 MiB, 2158 MiB, 30337 MiB, 241.24 W, 48
2026/06/18 12:12:38.973, 0, Tesla V100-SXM2-32GB, 94 %, 69 %, 32768 MiB, 2158 MiB, 30337 MiB, 244.92 W, 48
2026/06/18 12:12:39.975, 0, Tesla V100-SXM2-32GB, 94 %, 69 %, 32768 MiB, 2158 MiB, 30337 MiB, 249.09 W, 48
2026/06/18 12:12:40.976, 0, Tesla V100-SXM2-32GB, 86 %, 64 %, 32768 MiB, 2158 MiB, 30337 MiB, 241.24 W, 47
2026/06/18 12:12:41.978, 0, Tesla V100-SXM2-32GB, 93 %, 70 %, 32768 MiB, 2158 MiB, 30337 MiB, 276.71 W, 48
2026/06/18 12:12:42.980, 0, Tesla V100-SXM2-32GB, 94 %, 70 %, 32768 MiB, 2158 MiB, 30337 MiB, 280.36 W, 48
2026/06/18 12:12:43.982, 0, Tesla V100-SXM2-32GB, 93 %, 69 %, 32768 MiB, 2158 MiB, 30337 MiB, 286.78 W, 48
2026/06/18 12:12:44.983, 0, Tesla V100-SXM2-32GB, 93 %, 69 %, 32768 MiB, 2158 MiB, 30337 MiB, 285.05 W, 48
2026/06/18 12:12:45.985, 0, Tesla V100-SXM2-32GB, 90 %, 67 %, 32768 MiB, 2158 MiB, 30337 MiB, 284.96 W, 49
2026/06/18 12:12:46.988, 0, Tesla V100-SXM2-32GB, 93 %, 69 %, 32768 MiB, 2158 MiB, 30337 MiB, 287.45 W, 49
2026/06/18 12:12:47.991, 0, Tesla V100-SXM2-32GB, 94 %, 68 %, 32768 MiB, 2158 MiB, 30337 MiB, 265.68 W, 49
2026/06/18 12:12:48.993, 0, Tesla V100-SXM2-32GB, 94 %, 69 %, 32768 MiB, 2158 MiB, 30337 MiB, 259.93 W, 49
2026/06/18 12:12:49.994, 0, Tesla V100-SXM2-32GB, 94 %, 68 %, 32768 MiB, 2158 MiB, 30337 MiB, 261.72 W, 49
2026/06/18 12:12:50.996, 0, Tesla V100-SXM2-32GB, 94 %, 69 %, 32768 MiB, 2158 MiB, 30337 MiB, 249.55 W, 49
2026/06/18 12:12:51.997, 0, Tesla V100-SXM2-32GB, 94 %, 70 %, 32768 MiB, 2158 MiB, 30337 MiB, 248.91 W, 49
2026/06/18 12:12:52.999, 0, Tesla V100-SXM2-32GB, 94 %, 70 %, 32768 MiB, 2158 MiB, 30337 MiB, 237.40 W, 49
2026/06/18 12:12:54.000, 0, Tesla V100-SXM2-32GB, 95 %, 71 %, 32768 MiB, 2158 MiB, 30337 MiB, 220.25 W, 49
2026/06/18 12:12:55.002, 0, Tesla V100-SXM2-32GB, 95 %, 72 %, 32768 MiB, 2158 MiB, 30337 MiB, 241.40 W, 49
2026/06/18 12:12:56.003, 0, Tesla V100-SXM2-32GB, 44 %, 32 %, 32768 MiB, 2158 MiB, 30337 MiB, 279.00 W, 48
2026/06/18 12:12:57.005, 0, Tesla V100-SXM2-32GB, 93 %, 68 %, 32768 MiB, 2158 MiB, 30337 MiB, 274.79 W, 49
2026/06/18 12:12:58.007, 0, Tesla V100-SXM2-32GB, 94 %, 69 %, 32768 MiB, 2158 MiB, 30337 MiB, 290.04 W, 49
2026/06/18 12:12:59.009, 0, Tesla V100-SXM2-32GB, 80 %, 59 %, 32768 MiB, 2158 MiB, 30337 MiB, 183.49 W, 46
2026/06/18 12:13:00.011, 0, Tesla V100-SXM2-32GB, 93 %, 70 %, 32768 MiB, 2158 MiB, 30337 MiB, 246.36 W, 49
2026/06/18 12:13:01.013, 0, Tesla V100-SXM2-32GB, 93 %, 70 %, 32768 MiB, 2158 MiB, 30337 MiB, 253.08 W, 49
2026/06/18 12:13:02.015, 0, Tesla V100-SXM2-32GB, 54 %, 38 %, 32768 MiB, 2158 MiB, 30337 MiB, 259.53 W, 47
2026/06/18 12:13:03.017, 0, Tesla V100-SXM2-32GB, 8 %, 0 %, 32768 MiB, 2158 MiB, 30337 MiB, 71.15 W, 44
2026/06/18 12:13:04.019, 0, Tesla V100-SXM2-32GB, 56 %, 41 %, 32768 MiB, 2158 MiB, 30337 MiB, 254.83 W, 46
2026/06/18 12:13:05.021, 0, Tesla V100-SXM2-32GB, 94 %, 68 %, 32768 MiB, 2158 MiB, 30337 MiB, 256.10 W, 48
2026/06/18 12:13:06.023, 0, Tesla V100-SXM2-32GB, 94 %, 68 %, 32768 MiB, 2158 MiB, 30337 MiB, 264.60 W, 48
2026/06/18 12:13:07.025, 0, Tesla V100-SXM2-32GB, 94 %, 69 %, 32768 MiB, 2158 MiB, 30337 MiB, 268.26 W, 48
2026/06/18 12:13:08.027, 0, Tesla V100-SXM2-32GB, 94 %, 69 %, 32768 MiB, 2158 MiB, 30337 MiB, 265.68 W, 49
2026/06/18 12:13:09.029, 0, Tesla V100-SXM2-32GB, 93 %, 69 %, 32768 MiB, 2158 MiB, 30337 MiB, 263.77 W, 49
2026/06/18 12:13:10.030, 0, Tesla V100-SXM2-32GB, 94 %, 70 %, 32768 MiB, 2158 MiB, 30337 MiB, 276.71 W, 49
2026/06/18 12:13:11.033, 0, Tesla V100-SXM2-32GB, 94 %, 70 %, 32768 MiB, 2158 MiB, 30337 MiB, 280.07 W, 49
2026/06/18 12:13:12.035, 0, Tesla V100-SXM2-32GB, 93 %, 70 %, 32768 MiB, 2158 MiB, 30337 MiB, 279.77 W, 49
2026/06/18 12:13:13.036, 0, Tesla V100-SXM2-32GB, 93 %, 69 %, 32768 MiB, 2158 MiB, 30337 MiB, 275.16 W, 49
2026/06/18 12:13:14.040, 0, Tesla V100-SXM2-32GB, 73 %, 54 %, 32768 MiB, 2158 MiB, 30337 MiB, 241.08 W, 49
2026/06/18 12:13:15.042, 0, Tesla V100-SXM2-32GB, 94 %, 69 %, 32768 MiB, 2158 MiB, 30337 MiB, 269.52 W, 49
2026/06/18 12:13:16.045, 0, Tesla V100-SXM2-32GB, 93 %, 68 %, 32768 MiB, 2158 MiB, 30337 MiB, 277.67 W, 49
2026/06/18 12:13:17.047, 0, Tesla V100-SXM2-32GB, 94 %, 69 %, 32768 MiB, 2158 MiB, 30337 MiB, 283.23 W, 49
2026/06/18 12:13:18.050, 0, Tesla V100-SXM2-32GB, 94 %, 69 %, 32768 MiB, 2158 MiB, 30337 MiB, 282.75 W, 49
2026/06/18 12:13:19.053, 0, Tesla V100-SXM2-32GB, 94 %, 70 %, 32768 MiB, 2158 MiB, 30337 MiB, 287.26 W, 50
2026/06/18 12:13:20.055, 0, Tesla V100-SXM2-32GB, 95 %, 70 %, 32768 MiB, 2158 MiB, 30337 MiB, 270.48 W, 50
2026/06/18 12:13:21.057, 0, Tesla V100-SXM2-32GB, 95 %, 71 %, 32768 MiB, 2158 MiB, 30337 MiB, 264.78 W, 50
2026/06/18 12:13:22.058, 0, Tesla V100-SXM2-32GB, 94 %, 71 %, 32768 MiB, 2158 MiB, 30337 MiB, 253.87 W, 50
2026/06/18 12:13:23.060, 0, Tesla V100-SXM2-32GB, 94 %, 70 %, 32768 MiB, 2158 MiB, 30337 MiB, 282.65 W, 50
2026/06/18 12:13:24.062, 0, Tesla V100-SXM2-32GB, 95 %, 71 %, 32768 MiB, 2158 MiB, 30337 MiB, 283.71 W, 50
2026/06/18 12:13:25.063, 0, Tesla V100-SXM2-32GB, 94 %, 71 %, 32768 MiB, 2158 MiB, 30337 MiB, 269.04 W, 50
2026/06/18 12:13:26.065, 0, Tesla V100-SXM2-32GB, 51 %, 37 %, 32768 MiB, 2158 MiB, 30337 MiB, 240.92 W, 49
2026/06/18 12:13:27.067, 0, Tesla V100-SXM2-32GB, 95 %, 71 %, 32768 MiB, 2158 MiB, 30337 MiB, 282.27 W, 50
2026/06/18 12:13:28.069, 0, Tesla V100-SXM2-32GB, 94 %, 71 %, 32768 MiB, 2158 MiB, 30337 MiB, 289.37 W, 50
2026/06/18 12:13:29.070, 0, Tesla V100-SXM2-32GB, 92 %, 69 %, 32768 MiB, 2158 MiB, 30337 MiB, 286.68 W, 50
2026/06/18 12:13:30.072, 0, Tesla V100-SXM2-32GB, 68 %, 46 %, 32768 MiB, 2158 MiB, 30337 MiB, 253.84 W, 49
2026/06/18 12:13:31.074, 0, Tesla V100-SXM2-32GB, 1 %, 0 %, 32768 MiB, 2158 MiB, 30337 MiB, 71.01 W, 44
2026/06/18 12:13:32.076, 0, Tesla V100-SXM2-32GB, 92 %, 69 %, 32768 MiB, 2158 MiB, 30337 MiB, 264.42 W, 48
2026/06/18 12:13:33.077, 0, Tesla V100-SXM2-32GB, 93 %, 69 %, 32768 MiB, 2158 MiB, 30337 MiB, 270.96 W, 49
2026/06/18 12:13:34.079, 0, Tesla V100-SXM2-32GB, 94 %, 69 %, 32768 MiB, 2158 MiB, 30337 MiB, 259.63 W, 50
2026/06/18 12:13:35.080, 0, Tesla V100-SXM2-32GB, 94 %, 68 %, 32768 MiB, 2158 MiB, 30337 MiB, 261.07 W, 50
2026/06/18 12:13:36.082, 0, Tesla V100-SXM2-32GB, 94 %, 69 %, 32768 MiB, 2158 MiB, 30337 MiB, 241.08 W, 50
2026/06/18 12:13:37.084, 0, Tesla V100-SXM2-32GB, 94 %, 70 %, 32768 MiB, 2158 MiB, 30337 MiB, 219.96 W, 50
2026/06/18 12:13:38.085, 0, Tesla V100-SXM2-32GB, 94 %, 70 %, 32768 MiB, 2158 MiB, 30337 MiB, 236.60 W, 51
2026/06/18 12:13:39.087, 0, Tesla V100-SXM2-32GB, 94 %, 70 %, 32768 MiB, 2158 MiB, 30337 MiB, 241.08 W, 50
2026/06/18 12:13:40.088, 0, Tesla V100-SXM2-32GB, 95 %, 71 %, 32768 MiB, 2158 MiB, 30337 MiB, 247.32 W, 51
2026/06/18 12:13:41.090, 0, Tesla V100-SXM2-32GB, 95 %, 71 %, 32768 MiB, 2158 MiB, 30337 MiB, 258.53 W, 50
2026/06/18 12:13:42.091, 0, Tesla V100-SXM2-32GB, 94 %, 70 %, 32768 MiB, 2158 MiB, 30337 MiB, 259.76 W, 51
2026/06/18 12:13:43.093, 0, Tesla V100-SXM2-32GB, 76 %, 56 %, 32768 MiB, 2158 MiB, 30337 MiB, 242.20 W, 50
2026/06/18 12:13:44.094, 0, Tesla V100-SXM2-32GB, 95 %, 70 %, 32768 MiB, 2158 MiB, 30337 MiB, 248.76 W, 51
2026/06/18 12:13:45.096, 0, Tesla V100-SXM2-32GB, 94 %, 71 %, 32768 MiB, 2158 MiB, 30337 MiB, 214.20 W, 51
2026/06/18 12:13:46.098, 0, Tesla V100-SXM2-32GB, 95 %, 71 %, 32768 MiB, 2158 MiB, 30337 MiB, 229.38 W, 51
2026/06/18 12:13:47.099, 0, Tesla V100-SXM2-32GB, 65 %, 49 %, 32768 MiB, 2158 MiB, 30337 MiB, 266.70 W, 50
2026/06/18 12:13:48.101, 0, Tesla V100-SXM2-32GB, 93 %, 69 %, 32768 MiB, 2158 MiB, 30337 MiB, 259.32 W, 51
2026/06/18 12:13:49.102, 0, Tesla V100-SXM2-32GB, 93 %, 69 %, 32768 MiB, 2158 MiB, 30337 MiB, 269.40 W, 51
2026/06/18 12:13:50.104, 0, Tesla V100-SXM2-32GB, 94 %, 69 %, 32768 MiB, 2158 MiB, 30337 MiB, 270.84 W, 51
2026/06/18 12:13:51.105, 0, Tesla V100-SXM2-32GB, 94 %, 69 %, 32768 MiB, 2158 MiB, 30337 MiB, 265.74 W, 51
2026/06/18 12:13:52.107, 0, Tesla V100-SXM2-32GB, 94 %, 68 %, 32768 MiB, 2158 MiB, 30337 MiB, 270.96 W, 51
2026/06/18 12:13:53.108, 0, Tesla V100-SXM2-32GB, 93 %, 68 %, 32768 MiB, 2158 MiB, 30337 MiB, 272.58 W, 51
2026/06/18 12:13:54.110, 0, Tesla V100-SXM2-32GB, 80 %, 59 %, 32768 MiB, 2158 MiB, 30337 MiB, 260.45 W, 51
2026/06/18 12:13:55.112, 0, Tesla V100-SXM2-32GB, 94 %, 69 %, 32768 MiB, 2158 MiB, 30337 MiB, 255.48 W, 51
2026/06/18 12:13:56.115, 0, Tesla V100-SXM2-32GB, 94 %, 69 %, 32768 MiB, 2158 MiB, 30337 MiB, 260.89 W, 51
2026/06/18 12:13:57.117, 0, Tesla V100-SXM2-32GB, 94 %, 68 %, 32768 MiB, 2158 MiB, 30337 MiB, 275.05 W, 52
2026/06/18 12:13:58.119, 0, Tesla V100-SXM2-32GB, 76 %, 51 %, 32768 MiB, 2158 MiB, 30337 MiB, 256.27 W, 51
2026/06/18 12:13:59.121, 0, Tesla V100-SXM2-32GB, 2 %, 0 %, 32768 MiB, 2158 MiB, 30337 MiB, 72.55 W, 45
2026/06/18 12:14:00.123, 0, Tesla V100-SXM2-32GB, 94 %, 71 %, 32768 MiB, 2158 MiB, 30337 MiB, 284.86 W, 50
2026/06/18 12:14:01.126, 0, Tesla V100-SXM2-32GB, 94 %, 70 %, 32768 MiB, 2158 MiB, 30337 MiB, 288.21 W, 51
2026/06/18 12:14:02.127, 0, Tesla V100-SXM2-32GB, 94 %, 71 %, 32768 MiB, 2158 MiB, 30337 MiB, 290.81 W, 51
2026/06/18 12:14:03.129, 0, Tesla V100-SXM2-32GB, 93 %, 70 %, 32768 MiB, 2158 MiB, 30337 MiB, 290.61 W, 51
2026/06/18 12:14:04.131, 0, Tesla V100-SXM2-32GB, 94 %, 70 %, 32768 MiB, 2158 MiB, 30337 MiB, 265.86 W, 51
2026/06/18 12:14:05.134, 0, Tesla V100-SXM2-32GB, 94 %, 70 %, 32768 MiB, 2158 MiB, 30337 MiB, 271.50 W, 51
2026/06/18 12:14:06.136, 0, Tesla V100-SXM2-32GB, 94 %, 70 %, 32768 MiB, 2158 MiB, 30337 MiB, 279.11 W, 52
2026/06/18 12:14:07.138, 0, Tesla V100-SXM2-32GB, 95 %, 71 %, 32768 MiB, 2158 MiB, 30337 MiB, 287.26 W, 52
2026/06/18 12:14:08.140, 0, Tesla V100-SXM2-32GB, 94 %, 70 %, 32768 MiB, 2158 MiB, 30337 MiB, 287.74 W, 52
2026/06/18 12:14:09.143, 0, Tesla V100-SXM2-32GB, 93 %, 70 %, 32768 MiB, 2158 MiB, 30337 MiB, 283.42 W, 52
2026/06/18 12:14:10.145, 0, Tesla V100-SXM2-32GB, 94 %, 70 %, 32768 MiB, 2158 MiB, 30337 MiB, 285.15 W, 52
2026/06/18 12:14:11.147, 0, Tesla V100-SXM2-32GB, 93 %, 69 %, 32768 MiB, 2158 MiB, 30337 MiB, 279.21 W, 52
2026/06/18 12:14:12.149, 0, Tesla V100-SXM2-32GB, 93 %, 69 %, 32768 MiB, 2158 MiB, 30337 MiB, 282.27 W, 53
2026/06/18 12:14:13.151, 0, Tesla V100-SXM2-32GB, 93 %, 68 %, 32768 MiB, 2158 MiB, 30337 MiB, 266.64 W, 53
2026/06/18 12:14:14.153, 0, Tesla V100-SXM2-32GB, 94 %, 69 %, 32768 MiB, 2158 MiB, 30337 MiB, 268.26 W, 53
2026/06/18 12:14:15.155, 0, Tesla V100-SXM2-32GB, 94 %, 68 %, 32768 MiB, 2158 MiB, 30337 MiB, 264.55 W, 53
2026/06/18 12:14:16.157, 0, Tesla V100-SXM2-32GB, 94 %, 69 %, 32768 MiB, 2158 MiB, 30337 MiB, 215.64 W, 53
2026/06/18 12:14:17.160, 0, Tesla V100-SXM2-32GB, 94 %, 69 %, 32768 MiB, 2158 MiB, 30337 MiB, 235.81 W, 53
2026/06/18 12:14:18.162, 0, Tesla V100-SXM2-32GB, 94 %, 70 %, 32768 MiB, 2158 MiB, 30337 MiB, 242.67 W, 53
2026/06/18 12:14:19.164, 0, Tesla V100-SXM2-32GB, 95 %, 71 %, 32768 MiB, 2158 MiB, 30337 MiB, 246.84 W, 53
2026/06/18 12:14:20.166, 0, Tesla V100-SXM2-32GB, 94 %, 68 %, 32768 MiB, 2158 MiB, 30337 MiB, 282.75 W, 53
2026/06/18 12:14:21.167, 0, Tesla V100-SXM2-32GB, 94 %, 69 %, 32768 MiB, 2158 MiB, 30337 MiB, 290.81 W, 53
2026/06/18 12:14:22.169, 0, Tesla V100-SXM2-32GB, 74 %, 55 %, 32768 MiB, 2158 MiB, 30337 MiB, 239.64 W, 52
2026/06/18 12:14:23.170, 0, Tesla V100-SXM2-32GB, 94 %, 69 %, 32768 MiB, 2158 MiB, 30337 MiB, 239.48 W, 53
2026/06/18 12:14:24.172, 0, Tesla V100-SXM2-32GB, 94 %, 69 %, 32768 MiB, 2158 MiB, 30337 MiB, 249.87 W, 54
2026/06/18 12:14:25.173, 0, Tesla V100-SXM2-32GB, 50 %, 34 %, 32768 MiB, 2158 MiB, 30337 MiB, 119.08 W, 53
2026/06/18 12:14:26.175, 0, Tesla V100-SXM2-32GB, 6 %, 0 %, 32768 MiB, 2158 MiB, 30337 MiB, 74.39 W, 48
2026/06/18 12:14:27.176, 0, Tesla V100-SXM2-32GB, 0 %, 0 %, 32768 MiB, 2158 MiB, 30337 MiB, 262.20 W, 49
2026/06/18 12:14:28.178, 0, Tesla V100-SXM2-32GB, 94 %, 68 %, 32768 MiB, 2158 MiB, 30337 MiB, 263.16 W, 53
2026/06/18 12:14:29.180, 0, Tesla V100-SXM2-32GB, 94 %, 68 %, 32768 MiB, 2158 MiB, 30337 MiB, 251.78 W, 53
2026/06/18 12:14:30.181, 0, Tesla V100-SXM2-32GB, 95 %, 71 %, 32768 MiB, 2158 MiB, 30337 MiB, 238.20 W, 53
2026/06/18 12:14:31.182, 0, Tesla V100-SXM2-32GB, 95 %, 69 %, 32768 MiB, 2158 MiB, 30337 MiB, 293.49 W, 53
2026/06/18 12:14:32.184, 0, Tesla V100-SXM2-32GB, 93 %, 70 %, 32768 MiB, 2158 MiB, 30337 MiB, 258.97 W, 53
2026/06/18 12:14:33.185, 0, Tesla V100-SXM2-32GB, 93 %, 70 %, 32768 MiB, 2158 MiB, 30337 MiB, 263.29 W, 53
2026/06/18 12:14:34.187, 0, Tesla V100-SXM2-32GB, 93 %, 70 %, 32768 MiB, 2158 MiB, 30337 MiB, 255.14 W, 53
2026/06/18 12:14:35.188, 0, Tesla V100-SXM2-32GB, 93 %, 70 %, 32768 MiB, 2158 MiB, 30337 MiB, 258.19 W, 53
2026/06/18 12:14:36.189, 0, Tesla V100-SXM2-32GB, 92 %, 69 %, 32768 MiB, 2158 MiB, 30337 MiB, 271.02 W, 53
2026/06/18 12:14:37.191, 0, Tesla V100-SXM2-32GB, 40 %, 30 %, 32768 MiB, 2158 MiB, 30337 MiB, 90.00 W, 50
2026/06/18 12:14:38.192, 0, Tesla V100-SXM2-32GB, 93 %, 70 %, 32768 MiB, 2158 MiB, 30337 MiB, 242.52 W, 54
2026/06/18 12:14:39.194, 0, Tesla V100-SXM2-32GB, 94 %, 70 %, 32768 MiB, 2158 MiB, 30337 MiB, 245.72 W, 54
2026/06/18 12:14:40.195, 0, Tesla V100-SXM2-32GB, 93 %, 70 %, 32768 MiB, 2158 MiB, 30337 MiB, 201.99 W, 54
2026/06/18 12:14:41.197, 0, Tesla V100-SXM2-32GB, 93 %, 70 %, 32768 MiB, 2158 MiB, 30337 MiB, 246.68 W, 54
2026/06/18 12:14:42.198, 0, Tesla V100-SXM2-32GB, 94 %, 70 %, 32768 MiB, 2158 MiB, 30337 MiB, 273.83 W, 54
2026/06/18 12:14:43.199, 0, Tesla V100-SXM2-32GB, 95 %, 71 %, 32768 MiB, 2158 MiB, 30337 MiB, 267.30 W, 54
2026/06/18 12:14:44.201, 0, Tesla V100-SXM2-32GB, 92 %, 70 %, 32768 MiB, 2158 MiB, 30337 MiB, 259.93 W, 54
2026/06/18 12:14:45.202, 0, Tesla V100-SXM2-32GB, 93 %, 70 %, 32768 MiB, 2158 MiB, 30337 MiB, 264.90 W, 54
2026/06/18 12:14:46.204, 0, Tesla V100-SXM2-32GB, 94 %, 70 %, 32768 MiB, 2158 MiB, 30337 MiB, 254.35 W, 54
2026/06/18 12:14:47.205, 0, Tesla V100-SXM2-32GB, 93 %, 70 %, 32768 MiB, 2158 MiB, 30337 MiB, 256.58 W, 55
2026/06/18 12:14:48.206, 0, Tesla V100-SXM2-32GB, 94 %, 70 %, 32768 MiB, 2158 MiB, 30337 MiB, 278.15 W, 54
2026/06/18 12:14:49.208, 0, Tesla V100-SXM2-32GB, 92 %, 69 %, 32768 MiB, 2158 MiB, 30337 MiB, 279.77 W, 55
2026/06/18 12:14:50.209, 0, Tesla V100-SXM2-32GB, 68 %, 51 %, 32768 MiB, 2158 MiB, 30337 MiB, 76.13 W, 52
2026/06/18 12:14:51.211, 0, Tesla V100-SXM2-32GB, 94 %, 68 %, 32768 MiB, 2158 MiB, 30337 MiB, 241.08 W, 54
2026/06/18 12:14:52.212, 0, Tesla V100-SXM2-32GB, 93 %, 68 %, 32768 MiB, 2158 MiB, 30337 MiB, 199.10 W, 55
2026/06/18 12:14:53.213, 0, Tesla V100-SXM2-32GB, 62 %, 45 %, 32768 MiB, 2158 MiB, 30337 MiB, 236.75 W, 53
2026/06/18 12:14:54.215, 0, Tesla V100-SXM2-32GB, 67 %, 42 %, 32768 MiB, 2158 MiB, 30337 MiB, 76.36 W, 51
2026/06/18 12:14:55.216, 0, Tesla V100-SXM2-32GB, 0 %, 0 %, 32768 MiB, 2158 MiB, 30337 MiB, 73.18 W, 48
2026/06/18 12:14:56.218, 0, Tesla V100-SXM2-32GB, 94 %, 69 %, 32768 MiB, 2158 MiB, 30337 MiB, 213.72 W, 53
2026/06/18 12:14:57.220, 0, Tesla V100-SXM2-32GB, 94 %, 69 %, 32768 MiB, 2158 MiB, 30337 MiB, 195.00 W, 54
2026/06/18 12:14:58.221, 0, Tesla V100-SXM2-32GB, 94 %, 70 %, 32768 MiB, 2158 MiB, 30337 MiB, 225.09 W, 54
2026/06/18 12:14:59.223, 0, Tesla V100-SXM2-32GB, 95 %, 71 %, 32768 MiB, 2158 MiB, 30337 MiB, 226.20 W, 55
2026/06/18 12:15:00.224, 0, Tesla V100-SXM2-32GB, 94 %, 71 %, 32768 MiB, 2158 MiB, 30337 MiB, 238.68 W, 54
2026/06/18 12:15:01.225, 0, Tesla V100-SXM2-32GB, 95 %, 71 %, 32768 MiB, 2158 MiB, 30337 MiB, 235.98 W, 55
2026/06/18 12:15:02.227, 0, Tesla V100-SXM2-32GB, 95 %, 71 %, 32768 MiB, 2158 MiB, 30337 MiB, 242.66 W, 55
2026/06/18 12:15:03.228, 0, Tesla V100-SXM2-32GB, 93 %, 70 %, 32768 MiB, 2158 MiB, 30337 MiB, 246.96 W, 55
2026/06/18 12:15:04.230, 0, Tesla V100-SXM2-32GB, 93 %, 70 %, 32768 MiB, 2158 MiB, 30337 MiB, 252.65 W, 55
2026/06/18 12:15:05.231, 0, Tesla V100-SXM2-32GB, 94 %, 70 %, 32768 MiB, 2158 MiB, 30337 MiB, 253.74 W, 55
2026/06/18 12:15:06.233, 0, Tesla V100-SXM2-32GB, 93 %, 69 %, 32768 MiB, 2158 MiB, 30337 MiB, 254.08 W, 55
2026/06/18 12:15:07.234, 0, Tesla V100-SXM2-32GB, 95 %, 71 %, 32768 MiB, 2158 MiB, 30337 MiB, 261.23 W, 55
2026/06/18 12:15:08.236, 0, Tesla V100-SXM2-32GB, 94 %, 70 %, 32768 MiB, 2158 MiB, 30337 MiB, 263.14 W, 55
2026/06/18 12:15:09.237, 0, Tesla V100-SXM2-32GB, 93 %, 70 %, 32768 MiB, 2158 MiB, 30337 MiB, 273.99 W, 56
2026/06/18 12:15:10.238, 0, Tesla V100-SXM2-32GB, 93 %, 68 %, 32768 MiB, 2158 MiB, 30337 MiB, 289.54 W, 56
2026/06/18 12:15:11.240, 0, Tesla V100-SXM2-32GB, 90 %, 66 %, 32768 MiB, 2158 MiB, 30337 MiB, 272.44 W, 56
2026/06/18 12:15:12.242, 0, Tesla V100-SXM2-32GB, 93 %, 69 %, 32768 MiB, 2158 MiB, 30337 MiB, 266.05 W, 56
2026/06/18 12:15:13.244, 0, Tesla V100-SXM2-32GB, 93 %, 68 %, 32768 MiB, 2158 MiB, 30337 MiB, 271.49 W, 55
2026/06/18 12:15:14.246, 0, Tesla V100-SXM2-32GB, 87 %, 65 %, 32768 MiB, 2158 MiB, 30337 MiB, 253.13 W, 56
2026/06/18 12:15:15.248, 0, Tesla V100-SXM2-32GB, 93 %, 70 %, 32768 MiB, 2158 MiB, 30337 MiB, 230.72 W, 56
2026/06/18 12:15:16.251, 0, Tesla V100-SXM2-32GB, 92 %, 69 %, 32768 MiB, 2158 MiB, 30337 MiB, 238.52 W, 56
2026/06/18 12:15:17.253, 0, Tesla V100-SXM2-32GB, 95 %, 72 %, 32768 MiB, 2158 MiB, 30337 MiB, 242.18 W, 56
2026/06/18 12:15:18.255, 0, Tesla V100-SXM2-32GB, 94 %, 70 %, 32768 MiB, 2158 MiB, 30337 MiB, 248.84 W, 56
2026/06/18 12:15:19.257, 0, Tesla V100-SXM2-32GB, 94 %, 69 %, 32768 MiB, 2158 MiB, 30337 MiB, 231.15 W, 55
2026/06/18 12:15:20.259, 0, Tesla V100-SXM2-32GB, 94 %, 68 %, 32768 MiB, 2158 MiB, 30337 MiB, 286.30 W, 56
2026/06/18 12:15:21.261, 0, Tesla V100-SXM2-32GB, 53 %, 36 %, 32768 MiB, 2158 MiB, 30337 MiB, 269.40 W, 55
2026/06/18 12:15:22.264, 0, Tesla V100-SXM2-32GB, 5 %, 0 %, 32768 MiB, 2158 MiB, 30337 MiB, 76.42 W, 51
2026/06/18 12:15:23.266, 0, Tesla V100-SXM2-32GB, 94 %, 70 %, 32768 MiB, 2158 MiB, 30337 MiB, 255.62 W, 55
2026/06/18 12:15:24.268, 0, Tesla V100-SXM2-32GB, 93 %, 69 %, 32768 MiB, 2158 MiB, 30337 MiB, 258.15 W, 56
2026/06/18 12:15:25.270, 0, Tesla V100-SXM2-32GB, 94 %, 69 %, 32768 MiB, 2158 MiB, 30337 MiB, 262.98 W, 56
2026/06/18 12:15:26.271, 0, Tesla V100-SXM2-32GB, 58 %, 42 %, 32768 MiB, 2158 MiB, 30337 MiB, 247.80 W, 55
2026/06/18 12:15:27.273, 0, Tesla V100-SXM2-32GB, 95 %, 70 %, 32768 MiB, 2158 MiB, 30337 MiB, 255.14 W, 56
2026/06/18 12:15:28.274, 0, Tesla V100-SXM2-32GB, 91 %, 68 %, 32768 MiB, 2158 MiB, 30337 MiB, 247.30 W, 56
2026/06/18 12:15:29.276, 0, Tesla V100-SXM2-32GB, 91 %, 66 %, 32768 MiB, 2158 MiB, 30337 MiB, 257.54 W, 56
2026/06/18 12:15:30.277, 0, Tesla V100-SXM2-32GB, 94 %, 69 %, 32768 MiB, 2158 MiB, 30337 MiB, 247.62 W, 56
2026/06/18 12:15:31.279, 0, Tesla V100-SXM2-32GB, 94 %, 70 %, 32768 MiB, 2158 MiB, 30337 MiB, 253.22 W, 57
2026/06/18 12:15:32.280, 0, Tesla V100-SXM2-32GB, 94 %, 69 %, 32768 MiB, 2158 MiB, 30337 MiB, 256.10 W, 56
2026/06/18 12:15:33.282, 0, Tesla V100-SXM2-32GB, 95 %, 70 %, 32768 MiB, 2158 MiB, 30337 MiB, 250.66 W, 57
2026/06/18 12:15:34.283, 0, Tesla V100-SXM2-32GB, 94 %, 70 %, 32768 MiB, 2158 MiB, 30337 MiB, 256.41 W, 56
2026/06/18 12:15:35.284, 0, Tesla V100-SXM2-32GB, 95 %, 71 %, 32768 MiB, 2158 MiB, 30337 MiB, 259.76 W, 57
2026/06/18 12:15:36.286, 0, Tesla V100-SXM2-32GB, 94 %, 70 %, 32768 MiB, 2158 MiB, 30337 MiB, 244.91 W, 56
2026/06/18 12:15:37.288, 0, Tesla V100-SXM2-32GB, 94 %, 71 %, 32768 MiB, 2158 MiB, 30337 MiB, 245.70 W, 57
2026/06/18 12:15:38.290, 0, Tesla V100-SXM2-32GB, 94 %, 71 %, 32768 MiB, 2158 MiB, 30337 MiB, 254.49 W, 57
2026/06/18 12:15:39.291, 0, Tesla V100-SXM2-32GB, 94 %, 71 %, 32768 MiB, 2158 MiB, 30337 MiB, 251.11 W, 57
2026/06/18 12:15:40.294, 0, Tesla V100-SXM2-32GB, 93 %, 69 %, 32768 MiB, 2158 MiB, 30337 MiB, 258.59 W, 57
2026/06/18 12:15:41.296, 0, Tesla V100-SXM2-32GB, 93 %, 70 %, 32768 MiB, 2158 MiB, 30337 MiB, 259.72 W, 57
2026/06/18 12:15:42.298, 0, Tesla V100-SXM2-32GB, 94 %, 70 %, 32768 MiB, 2158 MiB, 30337 MiB, 173.27 W, 57
2026/06/18 12:15:43.300, 0, Tesla V100-SXM2-32GB, 94 %, 70 %, 32768 MiB, 2158 MiB, 30337 MiB, 255.93 W, 57
2026/06/18 12:15:44.301, 0, Tesla V100-SXM2-32GB, 93 %, 70 %, 32768 MiB, 2158 MiB, 30337 MiB, 264.55 W, 57
2026/06/18 12:15:45.304, 0, Tesla V100-SXM2-32GB, 93 %, 69 %, 32768 MiB, 2158 MiB, 30337 MiB, 259.24 W, 57
2026/06/18 12:15:46.306, 0, Tesla V100-SXM2-32GB, 93 %, 68 %, 32768 MiB, 2158 MiB, 30337 MiB, 264.12 W, 57
2026/06/18 12:15:47.309, 0, Tesla V100-SXM2-32GB, 93 %, 69 %, 32768 MiB, 2158 MiB, 30337 MiB, 255.11 W, 57
2026/06/18 12:15:48.310, 0, Tesla V100-SXM2-32GB, 74 %, 49 %, 32768 MiB, 2158 MiB, 30337 MiB, 100.57 W, 56
2026/06/18 12:15:49.312, 0, Tesla V100-SXM2-32GB, 8 %, 0 %, 32768 MiB, 2158 MiB, 30337 MiB, 78.14 W, 52
2026/06/18 12:15:50.315, 0, Tesla V100-SXM2-32GB, 0 %, 0 %, 32768 MiB, 2158 MiB, 30337 MiB, 151.72 W, 51
2026/06/18 12:15:51.317, 0, Tesla V100-SXM2-32GB, 95 %, 71 %, 32768 MiB, 2158 MiB, 30337 MiB, 246.35 W, 56
2026/06/18 12:15:52.319, 0, Tesla V100-SXM2-32GB, 94 %, 71 %, 32768 MiB, 2158 MiB, 30337 MiB, 244.43 W, 56
2026/06/18 12:15:53.320, 0, Tesla V100-SXM2-32GB, 95 %, 71 %, 32768 MiB, 2158 MiB, 30337 MiB, 258.11 W, 57
2026/06/18 12:15:54.321, 0, Tesla V100-SXM2-32GB, 94 %, 70 %, 32768 MiB, 2158 MiB, 30337 MiB, 263.19 W, 57
2026/06/18 12:15:55.323, 0, Tesla V100-SXM2-32GB, 93 %, 70 %, 32768 MiB, 2158 MiB, 30337 MiB, 262.84 W, 57
2026/06/18 12:15:56.325, 0, Tesla V100-SXM2-32GB, 93 %, 68 %, 32768 MiB, 2158 MiB, 30337 MiB, 264.27 W, 57
2026/06/18 12:15:57.326, 0, Tesla V100-SXM2-32GB, 93 %, 68 %, 32768 MiB, 2158 MiB, 30337 MiB, 268.26 W, 57
2026/06/18 12:15:58.328, 0, Tesla V100-SXM2-32GB, 94 %, 68 %, 32768 MiB, 2158 MiB, 30337 MiB, 271.60 W, 57
2026/06/18 12:15:59.329, 0, Tesla V100-SXM2-32GB, 94 %, 69 %, 32768 MiB, 2158 MiB, 30337 MiB, 293.63 W, 56
2026/06/18 12:16:00.331, 0, Tesla V100-SXM2-32GB, 93 %, 68 %, 32768 MiB, 2158 MiB, 30337 MiB, 281.72 W, 57
2026/06/18 12:16:01.332, 0, Tesla V100-SXM2-32GB, 94 %, 68 %, 32768 MiB, 2158 MiB, 30337 MiB, 271.12 W, 57
2026/06/18 12:16:02.334, 0, Tesla V100-SXM2-32GB, 94 %, 68 %, 32768 MiB, 2158 MiB, 30337 MiB, 273.14 W, 57
2026/06/18 12:16:03.335, 0, Tesla V100-SXM2-32GB, 94 %, 68 %, 32768 MiB, 2158 MiB, 30337 MiB, 280.75 W, 57
2026/06/18 12:16:04.337, 0, Tesla V100-SXM2-32GB, 94 %, 69 %, 32768 MiB, 2158 MiB, 30337 MiB, 266.47 W, 57
2026/06/18 12:16:05.339, 0, Tesla V100-SXM2-32GB, 95 %, 70 %, 32768 MiB, 2158 MiB, 30337 MiB, 279.90 W, 57
2026/06/18 12:16:06.341, 0, Tesla V100-SXM2-32GB, 95 %, 70 %, 32768 MiB, 2158 MiB, 30337 MiB, 291.05 W, 57
2026/06/18 12:16:07.343, 0, Tesla V100-SXM2-32GB, 95 %, 71 %, 32768 MiB, 2158 MiB, 30337 MiB, 288.97 W, 57
2026/06/18 12:16:08.344, 0, Tesla V100-SXM2-32GB, 94 %, 70 %, 32768 MiB, 2158 MiB, 30337 MiB, 271.44 W, 56
2026/06/18 12:16:09.346, 0, Tesla V100-SXM2-32GB, 94 %, 70 %, 32768 MiB, 2158 MiB, 30337 MiB, 266.71 W, 57
2026/06/18 12:16:10.347, 0, Tesla V100-SXM2-32GB, 94 %, 70 %, 32768 MiB, 2158 MiB, 30337 MiB, 269.28 W, 57
2026/06/18 12:16:11.349, 0, Tesla V100-SXM2-32GB, 90 %, 66 %, 32768 MiB, 2158 MiB, 30337 MiB, 266.47 W, 57
2026/06/18 12:16:12.351, 0, Tesla V100-SXM2-32GB, 94 %, 69 %, 32768 MiB, 2158 MiB, 30337 MiB, 258.24 W, 57
2026/06/18 12:16:13.355, 0, Tesla V100-SXM2-32GB, 94 %, 70 %, 32768 MiB, 2158 MiB, 30337 MiB, 266.83 W, 57
2026/06/18 12:16:14.358, 0, Tesla V100-SXM2-32GB, 94 %, 70 %, 32768 MiB, 2158 MiB, 30337 MiB, 278.65 W, 57
2026/06/18 12:16:15.359, 0, Tesla V100-SXM2-32GB, 51 %, 37 %, 32768 MiB, 2158 MiB, 30337 MiB, 162.42 W, 57
2026/06/18 12:16:16.361, 0, Tesla V100-SXM2-32GB, 93 %, 70 %, 32768 MiB, 2158 MiB, 30337 MiB, 77.71 W, 54
2026/06/18 12:16:17.362, 0, Tesla V100-SXM2-32GB, 52 %, 32 %, 32768 MiB, 2158 MiB, 30337 MiB, 77.71 W, 53
2026/06/18 12:16:18.365, 0, Tesla V100-SXM2-32GB, 0 %, 0 %, 32768 MiB, 2158 MiB, 30337 MiB, 76.47 W, 51
2026/06/18 12:16:19.366, 0, Tesla V100-SXM2-32GB, 94 %, 69 %, 32768 MiB, 2158 MiB, 30337 MiB, 223.80 W, 56
2026/06/18 12:16:20.368, 0, Tesla V100-SXM2-32GB, 94 %, 69 %, 32768 MiB, 2158 MiB, 30337 MiB, 242.36 W, 57
2026/06/18 12:16:21.371, 0, Tesla V100-SXM2-32GB, 94 %, 70 %, 32768 MiB, 2158 MiB, 30337 MiB, 249.07 W, 57
2026/06/18 12:16:22.374, 0, Tesla V100-SXM2-32GB, 94 %, 71 %, 32768 MiB, 2158 MiB, 30337 MiB, 260.72 W, 57
2026/06/18 12:16:23.376, 0, Tesla V100-SXM2-32GB, 95 %, 71 %, 32768 MiB, 2158 MiB, 30337 MiB, 255.31 W, 57
2026/06/18 12:16:24.379, 0, Tesla V100-SXM2-32GB, 94 %, 71 %, 32768 MiB, 2158 MiB, 30337 MiB, 247.62 W, 57
2026/06/18 12:16:25.381, 0, Tesla V100-SXM2-32GB, 78 %, 58 %, 32768 MiB, 2158 MiB, 30337 MiB, 77.05 W, 54
2026/06/18 12:16:26.383, 0, Tesla V100-SXM2-32GB, 77 %, 57 %, 32768 MiB, 2158 MiB, 30337 MiB, 231.63 W, 56
2026/06/18 12:16:27.385, 0, Tesla V100-SXM2-32GB, 93 %, 69 %, 32768 MiB, 2158 MiB, 30337 MiB, 258.15 W, 56
2026/06/18 12:16:28.386, 0, Tesla V100-SXM2-32GB, 93 %, 70 %, 32768 MiB, 2158 MiB, 30337 MiB, 256.58 W, 56
2026/06/18 12:16:29.388, 0, Tesla V100-SXM2-32GB, 90 %, 68 %, 32768 MiB, 2158 MiB, 30337 MiB, 257.54 W, 57
2026/06/18 12:16:30.391, 0, Tesla V100-SXM2-32GB, 93 %, 70 %, 32768 MiB, 2158 MiB, 30337 MiB, 254.52 W, 57
2026/06/18 12:16:31.392, 0, Tesla V100-SXM2-32GB, 94 %, 70 %, 32768 MiB, 2158 MiB, 30337 MiB, 258.02 W, 57
2026/06/18 12:16:32.396, 0, Tesla V100-SXM2-32GB, 92 %, 69 %, 32768 MiB, 2158 MiB, 30337 MiB, 248.11 W, 57
2026/06/18 12:16:33.397, 0, Tesla V100-SXM2-32GB, 93 %, 70 %, 32768 MiB, 2158 MiB, 30337 MiB, 253.22 W, 57
2026/06/18 12:16:34.399, 0, Tesla V100-SXM2-32GB, 94 %, 70 %, 32768 MiB, 2158 MiB, 30337 MiB, 260.54 W, 57
2026/06/18 12:16:35.400, 0, Tesla V100-SXM2-32GB, 91 %, 67 %, 32768 MiB, 2158 MiB, 30337 MiB, 283.04 W, 57
2026/06/18 12:16:36.402, 0, Tesla V100-SXM2-32GB, 94 %, 68 %, 32768 MiB, 2158 MiB, 30337 MiB, 286.97 W, 57
2026/06/18 12:16:37.403, 0, Tesla V100-SXM2-32GB, 92 %, 67 %, 32768 MiB, 2158 MiB, 30337 MiB, 285.44 W, 57
2026/06/18 12:16:38.406, 0, Tesla V100-SXM2-32GB, 91 %, 68 %, 32768 MiB, 2158 MiB, 30337 MiB, 254.32 W, 57
2026/06/18 12:16:39.408, 0, Tesla V100-SXM2-32GB, 95 %, 71 %, 32768 MiB, 2158 MiB, 30337 MiB, 251.59 W, 58
2026/06/18 12:16:40.409, 0, Tesla V100-SXM2-32GB, 95 %, 71 %, 32768 MiB, 2158 MiB, 30337 MiB, 258.93 W, 57
2026/06/18 12:16:41.411, 0, Tesla V100-SXM2-32GB, 94 %, 70 %, 32768 MiB, 2158 MiB, 30337 MiB, 260.02 W, 57
2026/06/18 12:16:42.412, 0, Tesla V100-SXM2-32GB, 93 %, 69 %, 32768 MiB, 2158 MiB, 30337 MiB, 238.36 W, 58
2026/06/18 12:16:43.413, 0, Tesla V100-SXM2-32GB, 94 %, 70 %, 32768 MiB, 2158 MiB, 30337 MiB, 270.05 W, 57
2026/06/18 12:16:44.417, 0, Tesla V100-SXM2-32GB, 92 %, 69 %, 32768 MiB, 2158 MiB, 30337 MiB, 263.19 W, 58
2026/06/18 12:16:45.419, 0, Tesla V100-SXM2-32GB, 73 %, 49 %, 32768 MiB, 2158 MiB, 30337 MiB, 268.14 W, 56
2026/06/18 12:16:46.420, 0, Tesla V100-SXM2-32GB, 0 %, 0 %, 32768 MiB, 2158 MiB, 30337 MiB, 77.28 W, 52
2026/06/18 12:16:47.422, 0, Tesla V100-SXM2-32GB, 71 %, 51 %, 32768 MiB, 2158 MiB, 30337 MiB, 277.86 W, 55
2026/06/18 12:16:48.423, 0, Tesla V100-SXM2-32GB, 95 %, 71 %, 32768 MiB, 2158 MiB, 30337 MiB, 278.92 W, 56
2026/06/18 12:16:49.424, 0, Tesla V100-SXM2-32GB, 80 %, 59 %, 32768 MiB, 2158 MiB, 30337 MiB, 79.80 W, 54
2026/06/18 12:16:50.426, 0, Tesla V100-SXM2-32GB, 94 %, 69 %, 32768 MiB, 2158 MiB, 30337 MiB, 276.45 W, 56
2026/06/18 12:16:51.427, 0, Tesla V100-SXM2-32GB, 94 %, 68 %, 32768 MiB, 2158 MiB, 30337 MiB, 267.37 W, 56
2026/06/18 12:16:52.429, 0, Tesla V100-SXM2-32GB, 94 %, 68 %, 32768 MiB, 2158 MiB, 30337 MiB, 270.35 W, 57
2026/06/18 12:16:53.430, 0, Tesla V100-SXM2-32GB, 94 %, 69 %, 32768 MiB, 2158 MiB, 30337 MiB, 282.67 W, 57
2026/06/18 12:16:54.433, 0, Tesla V100-SXM2-32GB, 95 %, 71 %, 32768 MiB, 2158 MiB, 30337 MiB, 290.40 W, 57
2026/06/18 12:16:55.434, 0, Tesla V100-SXM2-32GB, 87 %, 65 %, 32768 MiB, 2158 MiB, 30337 MiB, 98.85 W, 56
2026/06/18 12:16:56.437, 0, Tesla V100-SXM2-32GB, 40 %, 30 %, 32768 MiB, 2158 MiB, 30337 MiB, 250.37 W, 55
2026/06/18 12:16:57.439, 0, Tesla V100-SXM2-32GB, 93 %, 70 %, 32768 MiB, 2158 MiB, 30337 MiB, 260.24 W, 57
2026/06/18 12:16:58.441, 0, Tesla V100-SXM2-32GB, 93 %, 69 %, 32768 MiB, 2158 MiB, 30337 MiB, 239.00 W, 57
2026/06/18 12:16:59.443, 0, Tesla V100-SXM2-32GB, 94 %, 68 %, 32768 MiB, 2158 MiB, 30337 MiB, 243.94 W, 57
2026/06/18 12:17:00.449, 0, Tesla V100-SXM2-32GB, 94 %, 69 %, 32768 MiB, 2158 MiB, 30337 MiB, 246.50 W, 57
2026/06/18 12:17:01.450, 0, Tesla V100-SXM2-32GB, 94 %, 69 %, 32768 MiB, 2158 MiB, 30337 MiB, 255.59 W, 57
2026/06/18 12:17:02.452, 0, Tesla V100-SXM2-32GB, 94 %, 68 %, 32768 MiB, 2158 MiB, 30337 MiB, 235.01 W, 57
2026/06/18 12:17:03.453, 0, Tesla V100-SXM2-32GB, 94 %, 69 %, 32768 MiB, 2158 MiB, 30337 MiB, 241.07 W, 57
2026/06/18 12:17:04.455, 0, Tesla V100-SXM2-32GB, 94 %, 68 %, 32768 MiB, 2158 MiB, 30337 MiB, 249.20 W, 57
2026/06/18 12:17:05.457, 0, Tesla V100-SXM2-32GB, 94 %, 69 %, 32768 MiB, 2158 MiB, 30337 MiB, 250.77 W, 57
2026/06/18 12:17:06.460, 0, Tesla V100-SXM2-32GB, 93 %, 68 %, 32768 MiB, 2158 MiB, 30337 MiB, 268.56 W, 57
2026/06/18 12:17:07.463, 0, Tesla V100-SXM2-32GB, 94 %, 69 %, 32768 MiB, 2158 MiB, 30337 MiB, 227.64 W, 57
2026/06/18 12:17:08.466, 0, Tesla V100-SXM2-32GB, 94 %, 68 %, 32768 MiB, 2158 MiB, 30337 MiB, 231.34 W, 58
2026/06/18 12:17:09.468, 0, Tesla V100-SXM2-32GB, 93 %, 68 %, 32768 MiB, 2158 MiB, 30337 MiB, 230.08 W, 57
2026/06/18 12:17:10.471, 0, Tesla V100-SXM2-32GB, 94 %, 69 %, 32768 MiB, 2158 MiB, 30337 MiB, 271.78 W, 58
2026/06/18 12:17:11.472, 0, Tesla V100-SXM2-32GB, 93 %, 68 %, 32768 MiB, 2158 MiB, 30337 MiB, 282.95 W, 58
2026/06/18 12:17:12.475, 0, Tesla V100-SXM2-32GB, 94 %, 69 %, 32768 MiB, 2158 MiB, 30337 MiB, 282.85 W, 58
2026/06/18 12:17:13.477, 0, Tesla V100-SXM2-32GB, 78 %, 52 %, 32768 MiB, 2158 MiB, 30337 MiB, 269.10 W, 57
2026/06/18 12:17:14.479, 0, Tesla V100-SXM2-32GB, 0 %, 0 %, 32768 MiB, 2158 MiB, 30337 MiB, 78.09 W, 52
2026/06/18 12:17:15.480, 0, Tesla V100-SXM2-32GB, 94 %, 69 %, 32768 MiB, 2158 MiB, 30337 MiB, 263.64 W, 57
2026/06/18 12:17:16.482, 0, Tesla V100-SXM2-32GB, 95 %, 70 %, 32768 MiB, 2158 MiB, 30337 MiB, 251.95 W, 57
2026/06/18 12:17:17.483, 0, Tesla V100-SXM2-32GB, 94 %, 70 %, 32768 MiB, 2158 MiB, 30337 MiB, 228.12 W, 58
2026/06/18 12:17:18.485, 0, Tesla V100-SXM2-32GB, 95 %, 71 %, 32768 MiB, 2158 MiB, 30337 MiB, 242.04 W, 57
2026/06/18 12:17:19.486, 0, Tesla V100-SXM2-32GB, 93 %, 70 %, 32768 MiB, 2158 MiB, 30337 MiB, 243.15 W, 58
2026/06/18 12:17:20.488, 0, Tesla V100-SXM2-32GB, 94 %, 71 %, 32768 MiB, 2158 MiB, 30337 MiB, 254.15 W, 58
2026/06/18 12:17:21.489, 0, Tesla V100-SXM2-32GB, 93 %, 70 %, 32768 MiB, 2158 MiB, 30337 MiB, 260.72 W, 58
2026/06/18 12:17:22.491, 0, Tesla V100-SXM2-32GB, 94 %, 69 %, 32768 MiB, 2158 MiB, 30337 MiB, 265.75 W, 57
2026/06/18 12:17:23.492, 0, Tesla V100-SXM2-32GB, 94 %, 69 %, 32768 MiB, 2158 MiB, 30337 MiB, 280.75 W, 58
2026/06/18 12:17:24.494, 0, Tesla V100-SXM2-32GB, 94 %, 68 %, 32768 MiB, 2158 MiB, 30337 MiB, 267.84 W, 57
2026/06/18 12:17:25.495, 0, Tesla V100-SXM2-32GB, 89 %, 66 %, 32768 MiB, 2158 MiB, 30337 MiB, 254.73 W, 58
2026/06/18 12:17:26.496, 0, Tesla V100-SXM2-32GB, 93 %, 68 %, 32768 MiB, 2158 MiB, 30337 MiB, 249.99 W, 58
2026/06/18 12:17:27.498, 0, Tesla V100-SXM2-32GB, 94 %, 69 %, 32768 MiB, 2158 MiB, 30337 MiB, 257.46 W, 58
2026/06/18 12:17:28.499, 0, Tesla V100-SXM2-32GB, 94 %, 69 %, 32768 MiB, 2158 MiB, 30337 MiB, 266.53 W, 58
2026/06/18 12:17:29.500, 0, Tesla V100-SXM2-32GB, 94 %, 69 %, 32768 MiB, 2158 MiB, 30337 MiB, 263.01 W, 58
2026/06/18 12:17:30.502, 0, Tesla V100-SXM2-32GB, 94 %, 68 %, 32768 MiB, 2158 MiB, 30337 MiB, 259.50 W, 58
2026/06/18 12:17:31.503, 0, Tesla V100-SXM2-32GB, 93 %, 68 %, 32768 MiB, 2158 MiB, 30337 MiB, 258.11 W, 58
2026/06/18 12:17:32.506, 0, Tesla V100-SXM2-32GB, 94 %, 68 %, 32768 MiB, 2158 MiB, 30337 MiB, 257.33 W, 58
2026/06/18 12:17:33.509, 0, Tesla V100-SXM2-32GB, 94 %, 70 %, 32768 MiB, 2158 MiB, 30337 MiB, 268.74 W, 58
2026/06/18 12:17:34.510, 0, Tesla V100-SXM2-32GB, 95 %, 70 %, 32768 MiB, 2158 MiB, 30337 MiB, 268.14 W, 58
2026/06/18 12:17:35.512, 0, Tesla V100-SXM2-32GB, 94 %, 70 %, 32768 MiB, 2158 MiB, 30337 MiB, 281.24 W, 58
2026/06/18 12:17:36.514, 0, Tesla V100-SXM2-32GB, 95 %, 71 %, 32768 MiB, 2158 MiB, 30337 MiB, 273.80 W, 58
2026/06/18 12:17:37.516, 0, Tesla V100-SXM2-32GB, 94 %, 70 %, 32768 MiB, 2158 MiB, 30337 MiB, 271.12 W, 58
2026/06/18 12:17:38.519, 0, Tesla V100-SXM2-32GB, 92 %, 69 %, 32768 MiB, 2158 MiB, 30337 MiB, 303.57 W, 58
2026/06/18 12:17:39.522, 0, Tesla V100-SXM2-32GB, 91 %, 68 %, 32768 MiB, 2158 MiB, 30337 MiB, 284.48 W, 58
2026/06/18 12:17:40.523, 0, Tesla V100-SXM2-32GB, 77 %, 51 %, 32768 MiB, 2158 MiB, 30337 MiB, 243.93 W, 57
2026/06/18 12:17:41.525, 0, Tesla V100-SXM2-32GB, 0 %, 0 %, 32768 MiB, 2158 MiB, 30337 MiB, 75.02 W, 53
2026/06/18 12:17:42.526, 0, Tesla V100-SXM2-32GB, 64 %, 46 %, 32768 MiB, 2158 MiB, 30337 MiB, 256.27 W, 56
2026/06/18 12:17:43.527, 0, Tesla V100-SXM2-32GB, 32 %, 24 %, 32768 MiB, 2158 MiB, 30337 MiB, 272.34 W, 55
2026/06/18 12:17:44.529, 0, Tesla V100-SXM2-32GB, 93 %, 70 %, 32768 MiB, 2158 MiB, 30337 MiB, 270.18 W, 57
2026/06/18 12:17:45.530, 0, Tesla V100-SXM2-32GB, 92 %, 69 %, 32768 MiB, 2158 MiB, 30337 MiB, 264.20 W, 57
2026/06/18 12:17:46.531, 0, Tesla V100-SXM2-32GB, 93 %, 70 %, 32768 MiB, 2158 MiB, 30337 MiB, 273.99 W, 58
2026/06/18 12:17:47.533, 0, Tesla V100-SXM2-32GB, 93 %, 69 %, 32768 MiB, 2158 MiB, 30337 MiB, 200.70 W, 58
2026/06/18 12:17:48.550, 0, Tesla V100-SXM2-32GB, 93 %, 69 %, 32768 MiB, 2158 MiB, 30337 MiB, 216.07 W, 57
2026/06/18 12:17:49.552, 0, Tesla V100-SXM2-32GB, 76 %, 56 %, 32768 MiB, 2158 MiB, 30337 MiB, 243.80 W, 57
2026/06/18 12:17:50.553, 0, Tesla V100-SXM2-32GB, 94 %, 69 %, 32768 MiB, 2158 MiB, 30337 MiB, 168.94 W, 57
2026/06/18 12:17:51.555, 0, Tesla V100-SXM2-32GB, 94 %, 71 %, 32768 MiB, 2158 MiB, 30337 MiB, 297.88 W, 57
2026/06/18 12:17:52.556, 0, Tesla V100-SXM2-32GB, 95 %, 71 %, 32768 MiB, 2158 MiB, 30337 MiB, 293.10 W, 57
2026/06/18 12:17:53.558, 0, Tesla V100-SXM2-32GB, 93 %, 70 %, 32768 MiB, 2158 MiB, 30337 MiB, 287.64 W, 57
2026/06/18 12:17:54.560, 0, Tesla V100-SXM2-32GB, 94 %, 71 %, 32768 MiB, 2158 MiB, 30337 MiB, 271.49 W, 57
2026/06/18 12:17:55.561, 0, Tesla V100-SXM2-32GB, 94 %, 71 %, 32768 MiB, 2158 MiB, 30337 MiB, 270.05 W, 58
2026/06/18 12:17:56.563, 0, Tesla V100-SXM2-32GB, 95 %, 71 %, 32768 MiB, 2158 MiB, 30337 MiB, 277.41 W, 58
2026/06/18 12:17:57.564, 0, Tesla V100-SXM2-32GB, 94 %, 71 %, 32768 MiB, 2158 MiB, 30337 MiB, 270.17 W, 58
2026/06/18 12:17:58.566, 0, Tesla V100-SXM2-32GB, 94 %, 70 %, 32768 MiB, 2158 MiB, 30337 MiB, 269.63 W, 58
2026/06/18 12:17:59.567, 0, Tesla V100-SXM2-32GB, 94 %, 70 %, 32768 MiB, 2158 MiB, 30337 MiB, 286.01 W, 58
2026/06/18 12:18:00.569, 0, Tesla V100-SXM2-32GB, 94 %, 70 %, 32768 MiB, 2158 MiB, 30337 MiB, 285.91 W, 58
2026/06/18 12:18:01.571, 0, Tesla V100-SXM2-32GB, 93 %, 69 %, 32768 MiB, 2158 MiB, 30337 MiB, 292.48 W, 58
2026/06/18 12:18:02.572, 0, Tesla V100-SXM2-32GB, 94 %, 69 %, 32768 MiB, 2158 MiB, 30337 MiB, 287.72 W, 58
2026/06/18 12:18:03.574, 0, Tesla V100-SXM2-32GB, 94 %, 68 %, 32768 MiB, 2158 MiB, 30337 MiB, 272.67 W, 58
2026/06/18 12:18:04.578, 0, Tesla V100-SXM2-32GB, 94 %, 69 %, 32768 MiB, 2158 MiB, 30337 MiB, 260.75 W, 58
2026/06/18 12:18:05.579, 0, Tesla V100-SXM2-32GB, 95 %, 70 %, 32768 MiB, 2158 MiB, 30337 MiB, 256.64 W, 58
2026/06/18 12:18:06.580, 0, Tesla V100-SXM2-32GB, 95 %, 71 %, 32768 MiB, 2158 MiB, 30337 MiB, 239.63 W, 58
2026/06/18 12:18:07.582, 0, Tesla V100-SXM2-32GB, 94 %, 71 %, 32768 MiB, 2158 MiB, 30337 MiB, 248.53 W, 58
2026/06/18 12:18:08.583, 0, Tesla V100-SXM2-32GB, 76 %, 56 %, 32768 MiB, 2158 MiB, 30337 MiB, 190.62 W, 55
2026/06/18 12:18:09.585, 0, Tesla V100-SXM2-32GB, 30 %, 16 %, 32768 MiB, 2158 MiB, 30337 MiB, 78.79 W, 54
2026/06/18 12:18:10.586, 0, Tesla V100-SXM2-32GB, 0 %, 0 %, 32768 MiB, 2158 MiB, 30337 MiB, 74.19 W, 52
2026/06/18 12:18:11.587, 0, Tesla V100-SXM2-32GB, 0 %, 0 %, 32768 MiB, 2158 MiB, 30337 MiB, 74.29 W, 51
2026/06/18 12:18:12.589, 0, Tesla V100-SXM2-32GB, 0 %, 0 %, 32768 MiB, 2158 MiB, 30337 MiB, 61.08 W, 49
2026/06/18 12:18:13.590, 0, Tesla V100-SXM2-32GB, 0 %, 0 %, 32768 MiB, 2158 MiB, 30337 MiB, 60.76 W, 49
2026/06/18 12:18:14.592, 0, Tesla V100-SXM2-32GB, 0 %, 0 %, 32768 MiB, 2158 MiB, 30337 MiB, 60.28 W, 48
2026/06/18 12:18:15.594, 0, Tesla V100-SXM2-32GB, 92 %, 70 %, 32768 MiB, 2158 MiB, 30337 MiB, 229.92 W, 52
2026/06/18 12:18:16.595, 0, Tesla V100-SXM2-32GB, 94 %, 70 %, 32768 MiB, 2158 MiB, 30337 MiB, 278.57 W, 55
2026/06/18 12:18:17.597, 0, Tesla V100-SXM2-32GB, 92 %, 69 %, 32768 MiB, 2158 MiB, 30337 MiB, 275.71 W, 55
2026/06/18 12:18:18.600, 0, Tesla V100-SXM2-32GB, 94 %, 71 %, 32768 MiB, 2158 MiB, 30337 MiB, 275.23 W, 56
2026/06/18 12:18:19.602, 0, Tesla V100-SXM2-32GB, 94 %, 70 %, 32768 MiB, 2158 MiB, 30337 MiB, 266.17 W, 56
2026/06/18 12:18:20.603, 0, Tesla V100-SXM2-32GB, 94 %, 68 %, 32768 MiB, 2158 MiB, 30337 MiB, 251.08 W, 56
2026/06/18 12:18:21.605, 0, Tesla V100-SXM2-32GB, 94 %, 69 %, 32768 MiB, 2158 MiB, 30337 MiB, 208.28 W, 56
2026/06/18 12:18:22.608, 0, Tesla V100-SXM2-32GB, 94 %, 68 %, 32768 MiB, 2158 MiB, 30337 MiB, 241.23 W, 56
2026/06/18 12:18:23.610, 0, Tesla V100-SXM2-32GB, 94 %, 69 %, 32768 MiB, 2158 MiB, 30337 MiB, 239.63 W, 57
2026/06/18 12:18:24.612, 0, Tesla V100-SXM2-32GB, 93 %, 69 %, 32768 MiB, 2158 MiB, 30337 MiB, 258.72 W, 56
2026/06/18 12:18:25.613, 0, Tesla V100-SXM2-32GB, 94 %, 70 %, 32768 MiB, 2158 MiB, 30337 MiB, 250.30 W, 56
2026/06/18 12:18:26.615, 0, Tesla V100-SXM2-32GB, 95 %, 71 %, 32768 MiB, 2158 MiB, 30337 MiB, 282.19 W, 57
2026/06/18 12:18:27.618, 0, Tesla V100-SXM2-32GB, 95 %, 71 %, 32768 MiB, 2158 MiB, 30337 MiB, 260.45 W, 57
2026/06/18 12:18:28.620, 0, Tesla V100-SXM2-32GB, 94 %, 70 %, 32768 MiB, 2158 MiB, 30337 MiB, 281.72 W, 57
2026/06/18 12:18:29.623, 0, Tesla V100-SXM2-32GB, 94 %, 70 %, 32768 MiB, 2158 MiB, 30337 MiB, 286.39 W, 57
2026/06/18 12:18:30.624, 0, Tesla V100-SXM2-32GB, 93 %, 68 %, 32768 MiB, 2158 MiB, 30337 MiB, 294.02 W, 57
2026/06/18 12:18:31.626, 0, Tesla V100-SXM2-32GB, 94 %, 69 %, 32768 MiB, 2158 MiB, 30337 MiB, 291.92 W, 57
2026/06/18 12:18:32.627, 0, Tesla V100-SXM2-32GB, 94 %, 68 %, 32768 MiB, 2158 MiB, 30337 MiB, 286.68 W, 57
2026/06/18 12:18:33.629, 0, Tesla V100-SXM2-32GB, 95 %, 69 %, 32768 MiB, 2158 MiB, 30337 MiB, 268.85 W, 57
2026/06/18 12:18:34.631, 0, Tesla V100-SXM2-32GB, 95 %, 71 %, 32768 MiB, 2158 MiB, 30337 MiB, 262.36 W, 58
2026/06/18 12:18:35.632, 0, Tesla V100-SXM2-32GB, 91 %, 68 %, 32768 MiB, 2158 MiB, 30337 MiB, 132.90 W, 57
2026/06/18 12:18:36.633, 0, Tesla V100-SXM2-32GB, 94 %, 70 %, 32768 MiB, 2158 MiB, 30337 MiB, 275.23 W, 57
2026/06/18 12:18:37.635, 0, Tesla V100-SXM2-32GB, 95 %, 70 %, 32768 MiB, 2158 MiB, 30337 MiB, 276.37 W, 57
2026/06/18 12:18:38.636, 0, Tesla V100-SXM2-32GB, 91 %, 67 %, 32768 MiB, 2158 MiB, 30337 MiB, 277.91 W, 57
2026/06/18 12:18:39.641, 0, Tesla V100-SXM2-32GB, 94 %, 69 %, 32768 MiB, 2158 MiB, 30337 MiB, 292.01 W, 57
2026/06/18 12:18:40.642, 0, Tesla V100-SXM2-32GB, 56 %, 41 %, 32768 MiB, 2158 MiB, 30337 MiB, 195.87 W, 55
2026/06/18 12:18:41.644, 0, Tesla V100-SXM2-32GB, 8 %, 0 %, 32768 MiB, 2158 MiB, 30337 MiB, 76.87 W, 53
2026/06/18 12:18:42.645, 0, Tesla V100-SXM2-32GB, 0 %, 0 %, 32768 MiB, 2158 MiB, 30337 MiB, 279.13 W, 53
2026/06/18 12:18:43.647, 0, Tesla V100-SXM2-32GB, 93 %, 68 %, 32768 MiB, 2158 MiB, 30337 MiB, 292.79 W, 56
2026/06/18 12:18:44.648, 0, Tesla V100-SXM2-32GB, 94 %, 69 %, 32768 MiB, 2158 MiB, 30337 MiB, 296.89 W, 57
2026/06/18 12:18:45.650, 0, Tesla V100-SXM2-32GB, 94 %, 68 %, 32768 MiB, 2158 MiB, 30337 MiB, 286.58 W, 57
2026/06/18 12:18:46.651, 0, Tesla V100-SXM2-32GB, 94 %, 69 %, 32768 MiB, 2158 MiB, 30337 MiB, 292.12 W, 57
2026/06/18 12:18:47.653, 0, Tesla V100-SXM2-32GB, 95 %, 70 %, 32768 MiB, 2158 MiB, 30337 MiB, 300.30 W, 57
2026/06/18 12:18:48.654, 0, Tesla V100-SXM2-32GB, 93 %, 70 %, 32768 MiB, 2158 MiB, 30337 MiB, 296.49 W, 57
2026/06/18 12:18:49.656, 0, Tesla V100-SXM2-32GB, 91 %, 68 %, 32768 MiB, 2158 MiB, 30337 MiB, 280.77 W, 57
2026/06/18 12:18:50.657, 0, Tesla V100-SXM2-32GB, 93 %, 68 %, 32768 MiB, 2158 MiB, 30337 MiB, 284.10 W, 57
2026/06/18 12:18:51.659, 0, Tesla V100-SXM2-32GB, 94 %, 68 %, 32768 MiB, 2158 MiB, 30337 MiB, 271.12 W, 57
2026/06/18 12:18:52.661, 0, Tesla V100-SXM2-32GB, 92 %, 67 %, 32768 MiB, 2158 MiB, 30337 MiB, 273.88 W, 57
2026/06/18 12:18:53.663, 0, Tesla V100-SXM2-32GB, 92 %, 67 %, 32768 MiB, 2158 MiB, 30337 MiB, 252.04 W, 58
2026/06/18 12:18:54.664, 0, Tesla V100-SXM2-32GB, 94 %, 70 %, 32768 MiB, 2158 MiB, 30337 MiB, 252.18 W, 57
2026/06/18 12:18:55.666, 0, Tesla V100-SXM2-32GB, 94 %, 68 %, 32768 MiB, 2158 MiB, 30337 MiB, 262.71 W, 58
2026/06/18 12:18:56.667, 0, Tesla V100-SXM2-32GB, 94 %, 69 %, 32768 MiB, 2158 MiB, 30337 MiB, 258.37 W, 58
2026/06/18 12:18:57.669, 0, Tesla V100-SXM2-32GB, 94 %, 69 %, 32768 MiB, 2158 MiB, 30337 MiB, 262.66 W, 58
2026/06/18 12:18:58.670, 0, Tesla V100-SXM2-32GB, 94 %, 69 %, 32768 MiB, 2158 MiB, 30337 MiB, 268.85 W, 58
2026/06/18 12:18:59.672, 0, Tesla V100-SXM2-32GB, 91 %, 66 %, 32768 MiB, 2158 MiB, 30337 MiB, 251.87 W, 58
2026/06/18 12:19:00.673, 0, Tesla V100-SXM2-32GB, 94 %, 68 %, 32768 MiB, 2158 MiB, 30337 MiB, 243.12 W, 58
2026/06/18 12:19:01.675, 0, Tesla V100-SXM2-32GB, 90 %, 66 %, 32768 MiB, 2158 MiB, 30337 MiB, 268.56 W, 58
2026/06/18 12:19:02.678, 0, Tesla V100-SXM2-32GB, 90 %, 67 %, 32768 MiB, 2158 MiB, 30337 MiB, 279.15 W, 58
2026/06/18 12:19:03.681, 0, Tesla V100-SXM2-32GB, 93 %, 70 %, 32768 MiB, 2158 MiB, 30337 MiB, 270.46 W, 58
2026/06/18 12:19:04.683, 0, Tesla V100-SXM2-32GB, 93 %, 69 %, 32768 MiB, 2158 MiB, 30337 MiB, 270.28 W, 58
2026/06/18 12:19:05.687, 0, Tesla V100-SXM2-32GB, 94 %, 70 %, 32768 MiB, 2158 MiB, 30337 MiB, 275.52 W, 58
2026/06/18 12:19:06.693, 0, Tesla V100-SXM2-32GB, 92 %, 69 %, 32768 MiB, 2158 MiB, 30337 MiB, 289.62 W, 58
2026/06/18 12:19:07.695, 0, Tesla V100-SXM2-32GB, 94 %, 71 %, 32768 MiB, 2158 MiB, 30337 MiB, 296.77 W, 58
2026/06/18 12:19:08.698, 0, Tesla V100-SXM2-32GB, 74 %, 50 %, 32768 MiB, 2158 MiB, 30337 MiB, 220.70 W, 57
2026/06/18 12:19:09.700, 0, Tesla V100-SXM2-32GB, 0 %, 0 %, 32768 MiB, 2158 MiB, 30337 MiB, 74.57 W, 52
2026/06/18 12:19:10.703, 0, Tesla V100-SXM2-32GB, 94 %, 70 %, 32768 MiB, 2158 MiB, 30337 MiB, 284.86 W, 56
2026/06/18 12:19:11.706, 0, Tesla V100-SXM2-32GB, 90 %, 67 %, 32768 MiB, 2158 MiB, 30337 MiB, 274.28 W, 57
2026/06/18 12:19:12.708, 0, Tesla V100-SXM2-32GB, 95 %, 71 %, 32768 MiB, 2158 MiB, 30337 MiB, 263.79 W, 57
2026/06/18 12:19:13.712, 0, Tesla V100-SXM2-32GB, 94 %, 70 %, 32768 MiB, 2158 MiB, 30337 MiB, 277.14 W, 58
2026/06/18 12:19:14.714, 0, Tesla V100-SXM2-32GB, 93 %, 70 %, 32768 MiB, 2158 MiB, 30337 MiB, 282.39 W, 58
2026/06/18 12:19:15.717, 0, Tesla V100-SXM2-32GB, 93 %, 70 %, 32768 MiB, 2158 MiB, 30337 MiB, 288.02 W, 58
2026/06/18 12:19:16.720, 0, Tesla V100-SXM2-32GB, 93 %, 70 %, 32768 MiB, 2158 MiB, 30337 MiB, 265.58 W, 57
2026/06/18 12:19:17.722, 0, Tesla V100-SXM2-32GB, 95 %, 71 %, 32768 MiB, 2158 MiB, 30337 MiB, 254.29 W, 57
2026/06/18 12:19:18.725, 0, Tesla V100-SXM2-32GB, 93 %, 69 %, 32768 MiB, 2158 MiB, 30337 MiB, 262.94 W, 57
2026/06/18 12:19:19.728, 0, Tesla V100-SXM2-32GB, 94 %, 70 %, 32768 MiB, 2158 MiB, 30337 MiB, 269.58 W, 58
2026/06/18 12:19:20.730, 0, Tesla V100-SXM2-32GB, 93 %, 70 %, 32768 MiB, 2158 MiB, 30337 MiB, 280.09 W, 58
2026/06/18 12:19:21.733, 0, Tesla V100-SXM2-32GB, 95 %, 69 %, 32768 MiB, 2158 MiB, 30337 MiB, 293.07 W, 58
2026/06/18 12:19:22.735, 0, Tesla V100-SXM2-32GB, 78 %, 58 %, 32768 MiB, 2158 MiB, 30337 MiB, 264.02 W, 57
2026/06/18 12:19:23.738, 0, Tesla V100-SXM2-32GB, 92 %, 69 %, 32768 MiB, 2158 MiB, 30337 MiB, 229.41 W, 57
2026/06/18 12:19:24.740, 0, Tesla V100-SXM2-32GB, 95 %, 71 %, 32768 MiB, 2158 MiB, 30337 MiB, 250.49 W, 58
2026/06/18 12:19:25.745, 0, Tesla V100-SXM2-32GB, 93 %, 70 %, 32768 MiB, 2158 MiB, 30337 MiB, 248.87 W, 58
2026/06/18 12:19:26.749, 0, Tesla V100-SXM2-32GB, 94 %, 70 %, 32768 MiB, 2158 MiB, 30337 MiB, 260.02 W, 58
2026/06/18 12:19:27.751, 0, Tesla V100-SXM2-32GB, 93 %, 69 %, 32768 MiB, 2158 MiB, 30337 MiB, 258.55 W, 58
2026/06/18 12:19:28.754, 0, Tesla V100-SXM2-32GB, 93 %, 69 %, 32768 MiB, 2158 MiB, 30337 MiB, 269.33 W, 58
2026/06/18 12:19:29.757, 0, Tesla V100-SXM2-32GB, 92 %, 69 %, 32768 MiB, 2158 MiB, 30337 MiB, 251.56 W, 58
2026/06/18 12:19:30.760, 0, Tesla V100-SXM2-32GB, 93 %, 69 %, 32768 MiB, 2158 MiB, 30337 MiB, 251.36 W, 58
2026/06/18 12:19:31.769, 0, Tesla V100-SXM2-32GB, 92 %, 69 %, 32768 MiB, 2158 MiB, 30337 MiB, 222.13 W, 58
2026/06/18 12:19:32.771, 0, Tesla V100-SXM2-32GB, 92 %, 68 %, 32768 MiB, 2158 MiB, 30337 MiB, 286.01 W, 58
2026/06/18 12:19:33.774, 0, Tesla V100-SXM2-32GB, 92 %, 68 %, 32768 MiB, 2158 MiB, 30337 MiB, 290.38 W, 58
2026/06/18 12:19:34.777, 0, Tesla V100-SXM2-32GB, 95 %, 70 %, 32768 MiB, 2158 MiB, 30337 MiB, 300.98 W, 58
2026/06/18 12:19:35.780, 0, Tesla V100-SXM2-32GB, 94 %, 69 %, 32768 MiB, 2158 MiB, 30337 MiB, 121.80 W, 57
2026/06/18 12:19:36.786, 0, Tesla V100-SXM2-32GB, 32 %, 18 %, 32768 MiB, 2158 MiB, 30337 MiB, 78.74 W, 54
2026/06/18 12:19:37.789, 0, Tesla V100-SXM2-32GB, 0 %, 0 %, 32768 MiB, 2158 MiB, 30337 MiB, 74.62 W, 52
2026/06/18 12:19:38.792, 0, Tesla V100-SXM2-32GB, 95 %, 71 %, 32768 MiB, 2158 MiB, 30337 MiB, 260.80 W, 57
2026/06/18 12:19:39.795, 0, Tesla V100-SXM2-32GB, 94 %, 71 %, 32768 MiB, 2158 MiB, 30337 MiB, 252.65 W, 57
2026/06/18 12:19:40.798, 0, Tesla V100-SXM2-32GB, 94 %, 70 %, 32768 MiB, 2158 MiB, 30337 MiB, 253.81 W, 57
2026/06/18 12:19:41.800, 0, Tesla V100-SXM2-32GB, 93 %, 70 %, 32768 MiB, 2158 MiB, 30337 MiB, 262.78 W, 58
2026/06/18 12:19:42.803, 0, Tesla V100-SXM2-32GB, 93 %, 70 %, 32768 MiB, 2158 MiB, 30337 MiB, 257.42 W, 58
2026/06/18 12:19:43.806, 0, Tesla V100-SXM2-32GB, 92 %, 69 %, 32768 MiB, 2158 MiB, 30337 MiB, 252.68 W, 58
2026/06/18 12:19:44.810, 0, Tesla V100-SXM2-32GB, 94 %, 70 %, 32768 MiB, 2158 MiB, 30337 MiB, 245.19 W, 58
2026/06/18 12:19:45.813, 0, Tesla V100-SXM2-32GB, 92 %, 69 %, 32768 MiB, 2158 MiB, 30337 MiB, 265.22 W, 58
2026/06/18 12:19:46.816, 0, Tesla V100-SXM2-32GB, 94 %, 70 %, 32768 MiB, 2158 MiB, 30337 MiB, 257.29 W, 58
2026/06/18 12:19:47.819, 0, Tesla V100-SXM2-32GB, 93 %, 70 %, 32768 MiB, 2158 MiB, 30337 MiB, 261.10 W, 58
2026/06/18 12:19:48.822, 0, Tesla V100-SXM2-32GB, 93 %, 69 %, 32768 MiB, 2158 MiB, 30337 MiB, 253.16 W, 58
2026/06/18 12:19:49.824, 0, Tesla V100-SXM2-32GB, 92 %, 68 %, 32768 MiB, 2158 MiB, 30337 MiB, 278.94 W, 58
2026/06/18 12:19:50.827, 0, Tesla V100-SXM2-32GB, 94 %, 68 %, 32768 MiB, 2158 MiB, 30337 MiB, 258.85 W, 58
2026/06/18 12:19:51.830, 0, Tesla V100-SXM2-32GB, 77 %, 57 %, 32768 MiB, 2158 MiB, 30337 MiB, 251.59 W, 55
2026/06/18 12:19:52.832, 0, Tesla V100-SXM2-32GB, 80 %, 59 %, 32768 MiB, 2158 MiB, 30337 MiB, 270.12 W, 57
2026/06/18 12:19:53.835, 0, Tesla V100-SXM2-32GB, 94 %, 71 %, 32768 MiB, 2158 MiB, 30337 MiB, 265.33 W, 57
2026/06/18 12:19:54.838, 0, Tesla V100-SXM2-32GB, 93 %, 69 %, 32768 MiB, 2158 MiB, 30337 MiB, 276.82 W, 58
2026/06/18 12:19:55.841, 0, Tesla V100-SXM2-32GB, 94 %, 69 %, 32768 MiB, 2158 MiB, 30337 MiB, 268.98 W, 58
2026/06/18 12:19:56.843, 0, Tesla V100-SXM2-32GB, 94 %, 69 %, 32768 MiB, 2158 MiB, 30337 MiB, 240.44 W, 58
2026/06/18 12:19:57.846, 0, Tesla V100-SXM2-32GB, 94 %, 70 %, 32768 MiB, 2158 MiB, 30337 MiB, 232.93 W, 58
2026/06/18 12:19:58.849, 0, Tesla V100-SXM2-32GB, 94 %, 70 %, 32768 MiB, 2158 MiB, 30337 MiB, 240.12 W, 58
2026/06/18 12:19:59.853, 0, Tesla V100-SXM2-32GB, 93 %, 69 %, 32768 MiB, 2158 MiB, 30337 MiB, 243.93 W, 58
2026/06/18 12:20:00.856, 0, Tesla V100-SXM2-32GB, 94 %, 70 %, 32768 MiB, 2158 MiB, 30337 MiB, 235.50 W, 58
2026/06/18 12:20:01.860, 0, Tesla V100-SXM2-32GB, 93 %, 70 %, 32768 MiB, 2158 MiB, 30337 MiB, 239.47 W, 58
2026/06/18 12:20:02.861, 0, Tesla V100-SXM2-32GB, 94 %, 69 %, 32768 MiB, 2158 MiB, 30337 MiB, 177.49 W, 58
2026/06/18 12:20:03.863, 0, Tesla V100-SXM2-32GB, 76 %, 51 %, 32768 MiB, 2158 MiB, 30337 MiB, 225.95 W, 57
2026/06/18 12:20:04.865, 0, Tesla V100-SXM2-32GB, 0 %, 0 %, 32768 MiB, 2158 MiB, 30337 MiB, 78.04 W, 53
2026/06/18 12:20:05.867, 0, Tesla V100-SXM2-32GB, 91 %, 67 %, 32768 MiB, 2158 MiB, 30337 MiB, 260.75 W, 56
2026/06/18 12:20:06.868, 0, Tesla V100-SXM2-32GB, 91 %, 68 %, 32768 MiB, 2158 MiB, 30337 MiB, 271.12 W, 57
2026/06/18 12:20:07.870, 0, Tesla V100-SXM2-32GB, 91 %, 68 %, 32768 MiB, 2158 MiB, 30337 MiB, 298.12 W, 58
2026/06/18 12:20:08.871, 0, Tesla V100-SXM2-32GB, 94 %, 70 %, 32768 MiB, 2158 MiB, 30337 MiB, 288.02 W, 58
2026/06/18 12:20:09.873, 0, Tesla V100-SXM2-32GB, 95 %, 70 %, 32768 MiB, 2158 MiB, 30337 MiB, 262.11 W, 58
2026/06/18 12:20:10.874, 0, Tesla V100-SXM2-32GB, 82 %, 61 %, 32768 MiB, 2158 MiB, 30337 MiB, 263.19 W, 57
2026/06/18 12:20:11.875, 0, Tesla V100-SXM2-32GB, 94 %, 71 %, 32768 MiB, 2158 MiB, 30337 MiB, 269.99 W, 58
2026/06/18 12:20:12.877, 0, Tesla V100-SXM2-32GB, 95 %, 71 %, 32768 MiB, 2158 MiB, 30337 MiB, 258.67 W, 58
2026/06/18 12:20:13.878, 0, Tesla V100-SXM2-32GB, 94 %, 70 %, 32768 MiB, 2158 MiB, 30337 MiB, 259.20 W, 58
2026/06/18 12:20:14.880, 0, Tesla V100-SXM2-32GB, 95 %, 71 %, 32768 MiB, 2158 MiB, 30337 MiB, 250.13 W, 58
2026/06/18 12:20:15.881, 0, Tesla V100-SXM2-32GB, 93 %, 69 %, 32768 MiB, 2158 MiB, 30337 MiB, 221.47 W, 58
2026/06/18 12:20:16.883, 0, Tesla V100-SXM2-32GB, 94 %, 70 %, 32768 MiB, 2158 MiB, 30337 MiB, 261.88 W, 58
2026/06/18 12:20:17.884, 0, Tesla V100-SXM2-32GB, 93 %, 69 %, 32768 MiB, 2158 MiB, 30337 MiB, 267.24 W, 58
2026/06/18 12:20:18.886, 0, Tesla V100-SXM2-32GB, 94 %, 69 %, 32768 MiB, 2158 MiB, 30337 MiB, 275.42 W, 58
2026/06/18 12:20:19.888, 0, Tesla V100-SXM2-32GB, 94 %, 69 %, 32768 MiB, 2158 MiB, 30337 MiB, 282.48 W, 58
2026/06/18 12:20:20.891, 0, Tesla V100-SXM2-32GB, 94 %, 69 %, 32768 MiB, 2158 MiB, 30337 MiB, 286.39 W, 58
2026/06/18 12:20:21.893, 0, Tesla V100-SXM2-32GB, 94 %, 69 %, 32768 MiB, 2158 MiB, 30337 MiB, 264.62 W, 58
2026/06/18 12:20:22.897, 0, Tesla V100-SXM2-32GB, 94 %, 70 %, 32768 MiB, 2158 MiB, 30337 MiB, 275.52 W, 58
2026/06/18 12:20:23.899, 0, Tesla V100-SXM2-32GB, 94 %, 70 %, 32768 MiB, 2158 MiB, 30337 MiB, 272.19 W, 58
2026/06/18 12:20:24.900, 0, Tesla V100-SXM2-32GB, 95 %, 71 %, 32768 MiB, 2158 MiB, 30337 MiB, 277.72 W, 58
2026/06/18 12:20:25.902, 0, Tesla V100-SXM2-32GB, 94 %, 68 %, 32768 MiB, 2158 MiB, 30337 MiB, 268.85 W, 58
2026/06/18 12:20:26.904, 0, Tesla V100-SXM2-32GB, 94 %, 68 %, 32768 MiB, 2158 MiB, 30337 MiB, 281.72 W, 58
2026/06/18 12:20:27.905, 0, Tesla V100-SXM2-32GB, 94 %, 68 %, 32768 MiB, 2158 MiB, 30337 MiB, 285.25 W, 59
2026/06/18 12:20:28.907, 0, Tesla V100-SXM2-32GB, 93 %, 68 %, 32768 MiB, 2158 MiB, 30337 MiB, 292.40 W, 58
2026/06/18 12:20:29.908, 0, Tesla V100-SXM2-32GB, 90 %, 67 %, 32768 MiB, 2158 MiB, 30337 MiB, 253.47 W, 58
2026/06/18 12:20:30.910, 0, Tesla V100-SXM2-32GB, 94 %, 70 %, 32768 MiB, 2158 MiB, 30337 MiB, 256.81 W, 58
2026/06/18 12:20:31.911, 0, Tesla V100-SXM2-32GB, 74 %, 50 %, 32768 MiB, 2158 MiB, 30337 MiB, 79.21 W, 55
2026/06/18 12:20:32.913, 0, Tesla V100-SXM2-32GB, 0 %, 0 %, 32768 MiB, 2158 MiB, 30337 MiB, 74.72 W, 52
2026/06/18 12:20:33.915, 0, Tesla V100-SXM2-32GB, 95 %, 71 %, 32768 MiB, 2158 MiB, 30337 MiB, 258.80 W, 57
2026/06/18 12:20:34.916, 0, Tesla V100-SXM2-32GB, 93 %, 70 %, 32768 MiB, 2158 MiB, 30337 MiB, 280.57 W, 58
2026/06/18 12:20:35.920, 0, Tesla V100-SXM2-32GB, 95 %, 71 %, 32768 MiB, 2158 MiB, 30337 MiB, 297.76 W, 57
2026/06/18 12:20:36.921, 0, Tesla V100-SXM2-32GB, 94 %, 70 %, 32768 MiB, 2158 MiB, 30337 MiB, 288.21 W, 58
2026/06/18 12:20:37.923, 0, Tesla V100-SXM2-32GB, 94 %, 70 %, 32768 MiB, 2158 MiB, 30337 MiB, 268.44 W, 57
2026/06/18 12:20:38.927, 0, Tesla V100-SXM2-32GB, 92 %, 68 %, 32768 MiB, 2158 MiB, 30337 MiB, 279.23 W, 58
2026/06/18 12:20:39.929, 0, Tesla V100-SXM2-32GB, 94 %, 69 %, 32768 MiB, 2158 MiB, 30337 MiB, 270.71 W, 58
2026/06/18 12:20:40.930, 0, Tesla V100-SXM2-32GB, 66 %, 48 %, 32768 MiB, 2158 MiB, 30337 MiB, 272.03 W, 57
2026/06/18 12:20:41.932, 0, Tesla V100-SXM2-32GB, 19 %, 13 %, 32768 MiB, 2158 MiB, 30337 MiB, 264.07 W, 57
2026/06/18 12:20:42.934, 0, Tesla V100-SXM2-32GB, 94 %, 68 %, 32768 MiB, 2158 MiB, 30337 MiB, 271.49 W, 58
2026/06/18 12:20:43.936, 0, Tesla V100-SXM2-32GB, 95 %, 69 %, 32768 MiB, 2158 MiB, 30337 MiB, 265.70 W, 58
2026/06/18 12:20:44.939, 0, Tesla V100-SXM2-32GB, 94 %, 70 %, 32768 MiB, 2158 MiB, 30337 MiB, 274.57 W, 58
2026/06/18 12:20:45.941, 0, Tesla V100-SXM2-32GB, 95 %, 70 %, 32768 MiB, 2158 MiB, 30337 MiB, 267.31 W, 58
2026/06/18 12:20:46.943, 0, Tesla V100-SXM2-32GB, 95 %, 71 %, 32768 MiB, 2158 MiB, 30337 MiB, 283.91 W, 58
2026/06/18 12:20:47.945, 0, Tesla V100-SXM2-32GB, 95 %, 71 %, 32768 MiB, 2158 MiB, 30337 MiB, 280.67 W, 58
2026/06/18 12:20:48.946, 0, Tesla V100-SXM2-32GB, 94 %, 70 %, 32768 MiB, 2158 MiB, 30337 MiB, 287.73 W, 58
2026/06/18 12:20:49.950, 0, Tesla V100-SXM2-32GB, 94 %, 70 %, 32768 MiB, 2158 MiB, 30337 MiB, 277.04 W, 58
2026/06/18 12:20:50.951, 0, Tesla V100-SXM2-32GB, 92 %, 69 %, 32768 MiB, 2158 MiB, 30337 MiB, 277.99 W, 58
2026/06/18 12:20:51.954, 0, Tesla V100-SXM2-32GB, 94 %, 70 %, 32768 MiB, 2158 MiB, 30337 MiB, 284.58 W, 58
2026/06/18 12:20:52.956, 0, Tesla V100-SXM2-32GB, 94 %, 71 %, 32768 MiB, 2158 MiB, 30337 MiB, 265.81 W, 58
2026/06/18 12:20:53.957, 0, Tesla V100-SXM2-32GB, 94 %, 71 %, 32768 MiB, 2158 MiB, 30337 MiB, 273.29 W, 58
2026/06/18 12:20:54.959, 0, Tesla V100-SXM2-32GB, 93 %, 70 %, 32768 MiB, 2158 MiB, 30337 MiB, 271.01 W, 58
2026/06/18 12:20:55.960, 0, Tesla V100-SXM2-32GB, 94 %, 70 %, 32768 MiB, 2158 MiB, 30337 MiB, 270.53 W, 58
2026/06/18 12:20:56.961, 0, Tesla V100-SXM2-32GB, 93 %, 68 %, 32768 MiB, 2158 MiB, 30337 MiB, 287.35 W, 58
2026/06/18 12:20:57.963, 0, Tesla V100-SXM2-32GB, 80 %, 59 %, 32768 MiB, 2158 MiB, 30337 MiB, 182.76 W, 56
2026/06/18 12:20:58.964, 0, Tesla V100-SXM2-32GB, 54 %, 40 %, 32768 MiB, 2158 MiB, 30337 MiB, 110.59 W, 56
2026/06/18 12:20:59.966, 0, Tesla V100-SXM2-32GB, 9 %, 0 %, 32768 MiB, 2158 MiB, 30337 MiB, 78.36 W, 53
2026/06/18 12:21:00.968, 0, Tesla V100-SXM2-32GB, 0 %, 0 %, 32768 MiB, 2158 MiB, 30337 MiB, 214.59 W, 52
2026/06/18 12:21:01.969, 0, Tesla V100-SXM2-32GB, 94 %, 68 %, 32768 MiB, 2158 MiB, 30337 MiB, 247.60 W, 57
2026/06/18 12:21:02.971, 0, Tesla V100-SXM2-32GB, 95 %, 70 %, 32768 MiB, 2158 MiB, 30337 MiB, 269.87 W, 57
2026/06/18 12:21:03.975, 0, Tesla V100-SXM2-32GB, 94 %, 70 %, 32768 MiB, 2158 MiB, 30337 MiB, 267.90 W, 58
2026/06/18 12:21:04.976, 0, Tesla V100-SXM2-32GB, 94 %, 70 %, 32768 MiB, 2158 MiB, 30337 MiB, 260.15 W, 58
2026/06/18 12:21:05.981, 0, Tesla V100-SXM2-32GB, 93 %, 69 %, 32768 MiB, 2158 MiB, 30337 MiB, 283.91 W, 58
2026/06/18 12:21:06.983, 0, Tesla V100-SXM2-32GB, 93 %, 68 %, 32768 MiB, 2158 MiB, 30337 MiB, 280.77 W, 58
2026/06/18 12:21:07.984, 0, Tesla V100-SXM2-32GB, 94 %, 69 %, 32768 MiB, 2158 MiB, 30337 MiB, 290.30 W, 58
2026/06/18 12:21:08.986, 0, Tesla V100-SXM2-32GB, 94 %, 68 %, 32768 MiB, 2158 MiB, 30337 MiB, 290.01 W, 58
2026/06/18 12:21:09.987, 0, Tesla V100-SXM2-32GB, 95 %, 69 %, 32768 MiB, 2158 MiB, 30337 MiB, 299.35 W, 58
2026/06/18 12:21:10.989, 0, Tesla V100-SXM2-32GB, 94 %, 68 %, 32768 MiB, 2158 MiB, 30337 MiB, 294.98 W, 58
2026/06/18 12:21:11.991, 0, Tesla V100-SXM2-32GB, 90 %, 66 %, 32768 MiB, 2158 MiB, 30337 MiB, 279.61 W, 58
2026/06/18 12:21:12.993, 0, Tesla V100-SXM2-32GB, 93 %, 69 %, 32768 MiB, 2158 MiB, 30337 MiB, 266.35 W, 58
2026/06/18 12:21:13.996, 0, Tesla V100-SXM2-32GB, 93 %, 68 %, 32768 MiB, 2158 MiB, 30337 MiB, 262.23 W, 58
2026/06/18 12:21:15.000, 0, Tesla V100-SXM2-32GB, 95 %, 69 %, 32768 MiB, 2158 MiB, 30337 MiB, 262.31 W, 58
2026/06/18 12:21:16.002, 0, Tesla V100-SXM2-32GB, 94 %, 69 %, 32768 MiB, 2158 MiB, 30337 MiB, 273.33 W, 58
2026/06/18 12:21:17.004, 0, Tesla V100-SXM2-32GB, 94 %, 68 %, 32768 MiB, 2158 MiB, 30337 MiB, 269.92 W, 58
2026/06/18 12:21:18.006, 0, Tesla V100-SXM2-32GB, 94 %, 69 %, 32768 MiB, 2158 MiB, 30337 MiB, 275.05 W, 58
2026/06/18 12:21:19.008, 0, Tesla V100-SXM2-32GB, 93 %, 68 %, 32768 MiB, 2158 MiB, 30337 MiB, 267.72 W, 58
2026/06/18 12:21:20.011, 0, Tesla V100-SXM2-32GB, 94 %, 69 %, 32768 MiB, 2158 MiB, 30337 MiB, 274.28 W, 58
2026/06/18 12:21:21.015, 0, Tesla V100-SXM2-32GB, 94 %, 70 %, 32768 MiB, 2158 MiB, 30337 MiB, 280.48 W, 58
2026/06/18 12:21:22.017, 0, Tesla V100-SXM2-32GB, 94 %, 70 %, 32768 MiB, 2158 MiB, 30337 MiB, 292.12 W, 59
2026/06/18 12:21:23.019, 0, Tesla V100-SXM2-32GB, 94 %, 70 %, 32768 MiB, 2158 MiB, 30337 MiB, 278.57 W, 58
2026/06/18 12:21:24.021, 0, Tesla V100-SXM2-32GB, 92 %, 67 %, 32768 MiB, 2158 MiB, 30337 MiB, 268.67 W, 59
2026/06/18 12:21:25.024, 0, Tesla V100-SXM2-32GB, 94 %, 68 %, 32768 MiB, 2158 MiB, 30337 MiB, 249.82 W, 58
2026/06/18 12:21:26.026, 0, Tesla V100-SXM2-32GB, 94 %, 69 %, 32768 MiB, 2158 MiB, 30337 MiB, 249.34 W, 59
2026/06/18 12:21:27.028, 0, Tesla V100-SXM2-32GB, 81 %, 54 %, 32768 MiB, 2158 MiB, 30337 MiB, 99.89 W, 57
2026/06/18 12:21:28.029, 0, Tesla V100-SXM2-32GB, 7 %, 0 %, 32768 MiB, 2158 MiB, 30337 MiB, 74.95 W, 52
2026/06/18 12:21:29.031, 0, Tesla V100-SXM2-32GB, 75 %, 50 %, 32768 MiB, 2158 MiB, 30337 MiB, 273.14 W, 57
2026/06/18 12:21:30.032, 0, Tesla V100-SXM2-32GB, 0 %, 0 %, 32768 MiB, 2158 MiB, 30337 MiB, 77.88 W, 53
2026/06/18 12:21:31.034, 0, Tesla V100-SXM2-32GB, 1 %, 0 %, 32768 MiB, 0 MiB, 32495 MiB, 77.30 W, 51
